TeamID,Timestamp,Packet,State,Altitude,Pressure,Temp,Voltage,Lat,Lon,Sats,BNO_qi,BNO_qj,BNO_qk,BNO_qr,SHT_Temp,SHT_Hum,BME_Press,BME_Temp,BME_Hum,BME_Gas,BME_IAQ,BMP_Press,BMP_Temp,ADS_V
2024ASI-CANSAT-123,1.68,1,0,0.00,0,0.00,0.10,0.0000,0.0000,0,nan,nan,nan,nan,0.00,0.00,93891,0.00,0.00,20766,50.0,nan,nan,0.585
2024ASI-CANSAT-123,3.68,3,0,0.00,0,0.00,0.00,0.0000,0.0000,0,nan,nan,nan,nan,0.00,0.00,93891,0.00,0.00,20766,50.0,nan,nan,0.591
2024ASI-CANSAT-123,5.68,5,0,0.00,0,0.00,0.00,0.0000,0.0000,0,0.0684,-0.0027,-0.8059,0.5881,0.00,0.00,93889,0.00,0.00,19958,50.0,nan,nan,0.583
2024ASI-CANSAT-123,7.68,7,0,0.00,0,0.00,0.00,0.0000,0.0000,0,0.0685,-0.0037,-0.8058,0.5881,0.00,0.00,93889,0.00,0.00,19958,50.0,nan,nan,0.588
2024ASI-CANSAT-123,9.69,9,0,0.00,0,0.00,0.00,0.0000,0.0000,0,0.0685,-0.0038,-0.8058,0.5881,0.00,0.00,93890,0.00,0.00,20423,50.0,nan,nan,0.579
2024ASI-CANSAT-123,11.69,11,0,0.00,0,0.00,0.00,0.0000,0.0000,0,0.0686,-0.0040,-0.8058,0.5881,0.00,0.00,93890,0.00,0.00,20423,50.0,nan,nan,0.581
2024ASI-CANSAT-123,13.69,13,0,0.00,0,0.00,0.00,0.0000,0.0000,0,0.0685,-0.0038,-0.8059,0.5880,0.00,0.00,93891,0.00,0.00,20911,50.0,nan,nan,0.587
2024ASI-CANSAT-123,15.69,15,0,0.00,0,0.00,0.00,0.0000,0.0000,0,0.0686,-0.0037,-0.8060,0.5880,0.00,0.00,93891,0.00,0.00,20911,50.0,nan,nan,0.583
2024ASI-CANSAT-123,17.68,17,0,0.00,0,0.00,0.00,0.0000,0.0000,0,0.0687,-0.0039,-0.8060,0.5880,0.00,0.00,93889,0.00,0.00,21271,50.0,nan,nan,0.590
2024ASI-CANSAT-123,19.68,19,0,0.00,0,0.00,0.00,0.0000,0.0000,0,0.0687,-0.0035,-0.8060,0.5880,0.00,0.00,93889,0.00,0.00,21271,50.0,nan,nan,0.591
2024ASI-CANSAT-123,21.68,21,0,0.00,0,0.00,0.00,0.0000,0.0000,0,0.0684,-0.0036,-0.8060,0.5880,0.00,0.00,93891,0.00,0.00,21800,50.0,nan,nan,0.583
2024ASI-CANSAT-123,23.68,23,0,0.00,0,0.00,0.00,0.0000,0.0000,0,0.0684,-0.0036,-0.8060,0.5880,0.00,0.00,93891,0.00,0.00,21800,50.0,nan,nan,0.584
2024ASI-CANSAT-123,25.68,25,0,0.00,0,0.00,0.00,0.0000,0.0000,0,0.0684,-0.0037,-0.8060,0.5880,0.00,0.00,93889,0.00,0.00,22357,50.0,nan,nan,0.581
2024ASI-CANSAT-123,27.68,27,0,0.00,0,0.00,0.00,0.0000,0.0000,0,0.0684,-0.0037,-0.8060,0.5880,0.00,0.00,93889,0.00,0.00,22357,50.0,nan,nan,0.579
2024ASI-CANSAT-123,29.68,29,0,0.00,0,0.00,0.00,0.0000,0.0000,0,0.0090,0.1118,-0.7908,0.6017,0.00,0.00,93889,0.00,0.00,22794,50.0,nan,nan,0.588
2024ASI-CANSAT-123,31.68,31,0,0.00,0,0.00,0.00,0.0000,0.0000,0,-0.0495,0.1656,-0.7558,0.6316,0.00,0.00,93889,0.00,0.00,22794,50.0,nan,nan,0.581
2024ASI-CANSAT-123,33.69,33,0,0.00,0,0.00,0.00,0.0000,0.0000,0,0.0674,-0.0004,-0.7661,0.6392,0.00,0.00,93890,0.00,0.00,23043,50.0,nan,nan,0.582
2024ASI-CANSAT-123,35.69,35,0,0.00,0,0.00,0.00,0.0000,0.0000,0,0.0673,-0.0005,-0.7662,0.6391,0.00,0.00,93890,0.00,0.00,23043,50.0,nan,nan,0.589
2024ASI-CANSAT-123,37.69,37,0,0.00,0,0.00,0.00,0.0000,0.0000,0,0.0673,-0.0006,-0.7662,0.6391,0.00,0.00,93888,0.00,0.00,23587,50.0,nan,nan,0.581
2024ASI-CANSAT-123,39.69,39,0,0.00,0,0.00,0.00,0.0000,0.0000,0,0.0486,0.0284,-0.7957,0.6031,0.00,0.00,93888,0.00,0.00,23587,50.0,nan,nan,0.586
2024ASI-CANSAT-123,41.69,41,0,0.00,0,0.00,0.00,0.0000,0.0000,0,0.1467,-0.1055,-0.7988,0.5738,0.00,0.00,93887,0.00,0.00,23865,50.0,nan,nan,0.586
2024ASI-CANSAT-123,43.69,43,0,0.00,0,0.00,0.00,0.0000,0.0000,0,0.0735,-0.0072,-0.8078,0.5848,0.00,0.00,93887,0.00,0.00,23865,50.0,nan,nan,0.581
2025,1759433786.1569421,123,1,150.5,1015.2,25.3,5.64931855094979,28.614,77.2095,N/A,N/A,N/A,N/A,N/A,N/A,N/A,N/A,N/A,N/A,N/A,N/A,N/A,N/A,N/A
2025,1759433786.1572852,124,2,148.2,1014.8,24.8,4.943153732081068,28.6141,77.2096,N/A,N/A,N/A,N/A,N/A,N/A,N/A,N/A,N/A,N/A,N/A,N/A,N/A,N/A,N/A
2025,1759433786.157412,0,0,0.0,1013.25,25.0,12.004801920768307,28.6139,77.209,N/A,N/A,N/A,N/A,N/A,N/A,N/A,N/A,N/A,N/A,N/A,N/A,N/A,N/A,N/A
2025,1759433786.1575098,125,0,152.1,1013.25,26.0,12.004801920768307,28.6139,77.209,N/A,N/A,N/A,N/A,N/A,N/A,N/A,N/A,N/A,N/A,N/A,N/A,N/A,N/A,N/A
2025,1759434665.50947,1200,0,2824.52,832.01,49.45,11.722335993220817,28.504,77.239,N/A,N/A,N/A,N/A,N/A,N/A,N/A,N/A,N/A,N/A,N/A,N/A,N/A,N/A,N/A
2025,1759434666.467096,1201,3,2955.12,1003.56,5.04,8.756443753972178,28.557,77.287,N/A,N/A,N/A,N/A,N/A,N/A,N/A,N/A,N/A,N/A,N/A,N/A,N/A,N/A,N/A
2025,1759434667.510719,1202,0,1212.76,938.41,37.6,6.991031706800368,28.443,77.117,N/A,N/A,N/A,N/A,N/A,N/A,N/A,N/A,N/A,N/A,N/A,N/A,N/A,N/A,N/A
2025,1759434668.469104,1203,3,2696.06,1006.83,-9.82,7.273497634347855,28.539,77.215,N/A,N/A,N/A,N/A,N/A,N/A,N/A,N/A,N/A,N/A,N/A,N/A,N/A,N/A,N/A
2025,1759434669.505446,1204,1,1117.83,1083.99,-6.99,8.968293199632793,28.594,77.235,N/A,N/A,N/A,N/A,N/A,N/A,N/A,N/A,N/A,N/A,N/A,N/A,N/A,N/A,N/A
2025,1759434670.5370188,1205,2,362.49,1117.02,46.56,7.555963561895345,28.446,77.267,N/A,N/A,N/A,N/A,N/A,N/A,N/A,N/A,N/A,N/A,N/A,N/A,N/A,N/A,N/A
2025,1759434671.475426,1206,0,900.72,1139.77,-18.73,7.061648188687238,28.477,77.205,N/A,N/A,N/A,N/A,N/A,N/A,N/A,N/A,N/A,N/A,N/A,N/A,N/A,N/A,N/A
2025,1759434672.507113,1207,2,331.86,905.89,34.33,3.88390650377798,28.546,77.14,N/A,N/A,N/A,N/A,N/A,N/A,N/A,N/A,N/A,N/A,N/A,N/A,N/A,N/A,N/A
2025,1759434673.473758,1208,4,278.87,891.56,-6.89,8.473977826424688,28.497,77.163,N/A,N/A,N/A,N/A,N/A,N/A,N/A,N/A,N/A,N/A,N/A,N/A,N/A,N/A,N/A
2025,1759434674.511057,1209,1,2108.12,1040.14,46.51,7.485347080008474,28.414,77.153,N/A,N/A,N/A,N/A,N/A,N/A,N/A,N/A,N/A,N/A,N/A,N/A,N/A,N/A,N/A
2025,1759434677.5210822,1212,3,449.69,957.6,-18.55,3.9545229856648536,28.585,77.211,N/A,N/A,N/A,N/A,N/A,N/A,N/A,N/A,N/A,N/A,N/A,N/A,N/A,N/A,N/A
2025,1759434678.4786391,1213,1,1040.48,1134.97,37.39,5.296236141515429,28.474,77.232,N/A,N/A,N/A,N/A,N/A,N/A,N/A,N/A,N/A,N/A,N/A,N/A,N/A,N/A,N/A
2025,1759434679.524744,1214,0,1201.52,985.16,14.16,5.719935032836664,28.593,77.177,N/A,N/A,N/A,N/A,N/A,N/A,N/A,N/A,N/A,N/A,N/A,N/A,N/A,N/A,N/A
2025,1759434681.502912,1216,1,229.59,1140.1,-13.11,8.685827272085303,28.513,77.279,N/A,N/A,N/A,N/A,N/A,N/A,N/A,N/A,N/A,N/A,N/A,N/A,N/A,N/A,N/A
2025,1759434682.533037,1217,3,2389.31,1060.42,8.66,11.369253583786458,28.401,77.266,N/A,N/A,N/A,N/A,N/A,N/A,N/A,N/A,N/A,N/A,N/A,N/A,N/A,N/A,N/A
2025,1759434683.4836328,1218,3,1537.32,1145.86,38.07,8.26212838076407,28.553,77.257,N/A,N/A,N/A,N/A,N/A,N/A,N/A,N/A,N/A,N/A,N/A,N/A,N/A,N/A,N/A
2025,1759434684.526289,1219,4,311.6,1124.53,18.08,10.521855801143985,28.497,77.142,N/A,N/A,N/A,N/A,N/A,N/A,N/A,N/A,N/A,N/A,N/A,N/A,N/A,N/A,N/A
2025,1759434685.485543,1220,1,1674.46,856.13,23.87,10.804321728691477,28.55,77.269,N/A,N/A,N/A,N/A,N/A,N/A,N/A,N/A,N/A,N/A,N/A,N/A,N/A,N/A,N/A
2025,1759434686.524409,1221,2,2166.95,887.87,43.87,7.485347080008474,28.438,77.105,N/A,N/A,N/A,N/A,N/A,N/A,N/A,N/A,N/A,N/A,N/A,N/A,N/A,N/A,N/A
2025,1759434687.487655,1222,4,1299.87,1160.0,41.61,9.815690982275264,28.463,77.158,N/A,N/A,N/A,N/A,N/A,N/A,N/A,N/A,N/A,N/A,N/A,N/A,N/A,N/A,N/A
2025,1759434688.52755,1223,0,505.1,865.98,9.39,11.934185438881435,28.402,77.299,N/A,N/A,N/A,N/A,N/A,N/A,N/A,N/A,N/A,N/A,N/A,N/A,N/A,N/A,N/A
2025,1759434689.489797,1224,1,248.98,907.88,5.7,6.143633924157898,28.423,77.135,N/A,N/A,N/A,N/A,N/A,N/A,N/A,N/A,N/A,N/A,N/A,N/A,N/A,N/A,N/A
2025,1759434690.528268,1225,0,1742.98,824.13,21.46,6.920415224913494,28.597,77.249,N/A,N/A,N/A,N/A,N/A,N/A,N/A,N/A,N/A,N/A,N/A,N/A,N/A,N/A,N/A
2025,1759434691.491643,1226,4,1870.08,976.58,-13.52,5.3668526234023,28.47,77.264,N/A,N/A,N/A,N/A,N/A,N/A,N/A,N/A,N/A,N/A,N/A,N/A,N/A,N/A,N/A
2025,1759434692.524956,1227,3,2544.81,1064.59,32.99,9.321375609067154,28.42,77.109,N/A,N/A,N/A,N/A,N/A,N/A,N/A,N/A,N/A,N/A,N/A,N/A,N/A,N/A,N/A
2025,1759434693.562463,1228,0,1607.43,1028.51,44.11,9.4626085728409,28.409,77.194,N/A,N/A,N/A,N/A,N/A,N/A,N/A,N/A,N/A,N/A,N/A,N/A,N/A,N/A,N/A
2025,1759434694.49454,1229,0,2782.18,1162.67,32.88,6.849798743026623,28.429,77.27,N/A,N/A,N/A,N/A,N/A,N/A,N/A,N/A,N/A,N/A,N/A,N/A,N/A,N/A,N/A
2025,1759434695.5306602,1230,1,1715.18,1042.25,5.3,8.685827272085303,28.404,77.162,N/A,N/A,N/A,N/A,N/A,N/A,N/A,N/A,N/A,N/A,N/A,N/A,N/A,N/A,N/A
2025,1759434696.496581,1231,1,2634.07,867.74,30.23,5.225619659628558,28.586,77.104,N/A,N/A,N/A,N/A,N/A,N/A,N/A,N/A,N/A,N/A,N/A,N/A,N/A,N/A,N/A
2025,1759434697.5395288,1232,3,470.86,1051.93,13.27,6.426099851705388,28.584,77.212,N/A,N/A,N/A,N/A,N/A,N/A,N/A,N/A,N/A,N/A,N/A,N/A,N/A,N/A,N/A
2025,1759434711.564928,1246,2,2555.72,816.58,46.17,4.660687804533579,28.54,77.177,N/A,N/A,N/A,N/A,N/A,N/A,N/A,N/A,N/A,N/A,N/A,N/A,N/A,N/A,N/A
2025,1759434712.512375,1247,4,170.22,967.01,43.37,5.437469105289174,28.491,77.102,N/A,N/A,N/A,N/A,N/A,N/A,N/A,N/A,N/A,N/A,N/A,N/A,N/A,N/A,N/A
2025,1759434713.554631,1248,1,2980.17,841.87,37.73,6.637949297366005,28.47,77.159,N/A,N/A,N/A,N/A,N/A,N/A,N/A,N/A,N/A,N/A,N/A,N/A,N/A,N/A,N/A
2025,1759434714.515299,1249,2,1346.35,927.39,25.73,9.250759127180283,28.409,77.132,N/A,N/A,N/A,N/A,N/A,N/A,N/A,N/A,N/A,N/A,N/A,N/A,N/A,N/A,N/A
2025,1759434716.030032,1250,0,788.43,937.47,40.1,8.050278935103451,28.445,77.102,N/A,N/A,N/A,N/A,N/A,N/A,N/A,N/A,N/A,N/A,N/A,N/A,N/A,N/A,N/A
2025,1759434716.5214038,1251,3,726.28,1112.16,40.0,8.968293199632793,28.555,77.241,N/A,N/A,N/A,N/A,N/A,N/A,N/A,N/A,N/A,N/A,N/A,N/A,N/A,N/A,N/A
2025,1759434717.5519621,1252,2,2235.79,890.39,8.74,9.815690982275264,28.451,77.162,N/A,N/A,N/A,N/A,N/A,N/A,N/A,N/A,N/A,N/A,N/A,N/A,N/A,N/A,N/A
2025,1759434718.5184052,1253,0,2587.22,1152.38,15.84,4.73130428642045,28.588,77.115,N/A,N/A,N/A,N/A,N/A,N/A,N/A,N/A,N/A,N/A,N/A,N/A,N/A,N/A,N/A
2025,1759434719.519278,1254,4,2332.39,989.56,32.05,3.742673540004235,28.571,77.262,N/A,N/A,N/A,N/A,N/A,N/A,N/A,N/A,N/A,N/A,N/A,N/A,N/A,N/A,N/A
2025,1759434720.550532,1255,0,1593.51,1074.49,31.32,8.332744862650943,28.427,77.274,N/A,N/A,N/A,N/A,N/A,N/A,N/A,N/A,N/A,N/A,N/A,N/A,N/A,N/A,N/A
2025,1759434721.5298119,1256,1,1015.95,1038.85,-4.49,11.369253583786458,28.536,77.29,N/A,N/A,N/A,N/A,N/A,N/A,N/A,N/A,N/A,N/A,N/A,N/A,N/A,N/A,N/A
2025,1759434722.568508,1257,3,1864.03,1179.35,-12.54,9.603841536614643,28.593,77.11,N/A,N/A,N/A,N/A,N/A,N/A,N/A,N/A,N/A,N/A,N/A,N/A,N/A,N/A,N/A
2025,1759434723.5233788,1258,0,2471.63,942.21,-11.74,6.284866887931644,28.501,77.269,N/A,N/A,N/A,N/A,N/A,N/A,N/A,N/A,N/A,N/A,N/A,N/A,N/A,N/A,N/A
2025,1759434724.567096,1259,3,289.79,940.82,5.18,6.284866887931644,28.506,77.147,N/A,N/A,N/A,N/A,N/A,N/A,N/A,N/A,N/A,N/A,N/A,N/A,N/A,N/A,N/A
2025,1759434725.525311,1260,3,603.01,1114.7,40.97,8.26212838076407,28.504,77.27,N/A,N/A,N/A,N/A,N/A,N/A,N/A,N/A,N/A,N/A,N/A,N/A,N/A,N/A,N/A
2025,1759434726.533874,1261,3,2706.86,1000.21,40.51,7.061648188687238,28.476,77.283,N/A,N/A,N/A,N/A,N/A,N/A,N/A,N/A,N/A,N/A,N/A,N/A,N/A,N/A,N/A
2025,1759434727.568337,1262,3,1528.26,903.7,-0.51,7.555963561895345,28.468,77.156,N/A,N/A,N/A,N/A,N/A,N/A,N/A,N/A,N/A,N/A,N/A,N/A,N/A,N/A,N/A
2025,1759434728.528936,1263,3,818.8,891.07,-6.75,6.355483369818514,28.414,77.138,N/A,N/A,N/A,N/A,N/A,N/A,N/A,N/A,N/A,N/A,N/A,N/A,N/A,N/A,N/A
2025,1759434729.5684018,1264,0,1837.03,859.65,-11.02,4.943153732081068,28.483,77.139,N/A,N/A,N/A,N/A,N/A,N/A,N/A,N/A,N/A,N/A,N/A,N/A,N/A,N/A,N/A
2025,1759434730.530328,1265,2,1896.79,827.65,1.27,10.451239319257112,28.526,77.262,N/A,N/A,N/A,N/A,N/A,N/A,N/A,N/A,N/A,N/A,N/A,N/A,N/A,N/A,N/A
2025,1759434731.558722,1266,2,499.02,1178.71,31.33,10.874938210578348,28.41,77.153,N/A,N/A,N/A,N/A,N/A,N/A,N/A,N/A,N/A,N/A,N/A,N/A,N/A,N/A,N/A
2025,1759434732.586238,1267,3,2883.06,879.87,-5.48,9.533225054727772,28.518,77.277,N/A,N/A,N/A,N/A,N/A,N/A,N/A,N/A,N/A,N/A,N/A,N/A,N/A,N/A,N/A
2025,1759434733.5334668,1268,2,2628.75,1179.31,14.73,8.827060235859047,28.53,77.161,N/A,N/A,N/A,N/A,N/A,N/A,N/A,N/A,N/A,N/A,N/A,N/A,N/A,N/A,N/A
2025,1759434734.580936,1269,3,2894.63,867.16,33.04,11.792952475107688,28.543,77.128,N/A,N/A,N/A,N/A,N/A,N/A,N/A,N/A,N/A,N/A,N/A,N/A,N/A,N/A,N/A
2025,1759434735.53669,1270,4,1347.28,1136.5,14.12,11.016171174352088,28.424,77.291,N/A,N/A,N/A,N/A,N/A,N/A,N/A,N/A,N/A,N/A,N/A,N/A,N/A,N/A,N/A
2025,1759434736.575555,1271,2,2443.21,889.31,-17.17,9.95692394604901,28.459,77.166,N/A,N/A,N/A,N/A,N/A,N/A,N/A,N/A,N/A,N/A,N/A,N/A,N/A,N/A,N/A
2025,1759434737.538047,1272,3,2294.46,1099.21,21.8,4.448838358872959,28.47,77.193,N/A,N/A,N/A,N/A,N/A,N/A,N/A,N/A,N/A,N/A,N/A,N/A,N/A,N/A,N/A
2025,1759434738.5806878,1273,3,1049.61,1001.7,48.39,10.451239319257112,28.548,77.137,N/A,N/A,N/A,N/A,N/A,N/A,N/A,N/A,N/A,N/A,N/A,N/A,N/A,N/A,N/A
2025,1759434739.539354,1274,3,1917.67,926.93,-13.09,9.4626085728409,28.409,77.139,N/A,N/A,N/A,N/A,N/A,N/A,N/A,N/A,N/A,N/A,N/A,N/A,N/A,N/A,N/A
2025,1759434740.5833411,1275,1,610.29,1089.46,21.5,7.555963561895345,28.441,77.104,N/A,N/A,N/A,N/A,N/A,N/A,N/A,N/A,N/A,N/A,N/A,N/A,N/A,N/A,N/A
2025,1759434741.541197,1276,0,2530.18,1163.53,-15.16,5.296236141515429,28.437,77.189,N/A,N/A,N/A,N/A,N/A,N/A,N/A,N/A,N/A,N/A,N/A,N/A,N/A,N/A,N/A
2025,1759434742.576341,1277,0,1372.54,938.26,-2.84,6.5673328154791335,28.594,77.229,N/A,N/A,N/A,N/A,N/A,N/A,N/A,N/A,N/A,N/A,N/A,N/A,N/A,N/A,N/A
2025,1759434743.5432398,1278,2,2240.3,1149.8,-19.9,8.473977826424688,28.509,77.266,N/A,N/A,N/A,N/A,N/A,N/A,N/A,N/A,N/A,N/A,N/A,N/A,N/A,N/A,N/A
2025,1759434744.581964,1279,1,1372.89,1136.15,20.96,6.991031706800368,28.444,77.238,N/A,N/A,N/A,N/A,N/A,N/A,N/A,N/A,N/A,N/A,N/A,N/A,N/A,N/A,N/A
2025,1759434745.609445,1280,2,1103.61,1004.01,31.6,11.934185438881435,28.543,77.186,N/A,N/A,N/A,N/A,N/A,N/A,N/A,N/A,N/A,N/A,N/A,N/A,N/A,N/A,N/A
2025,1759434746.546187,1281,2,1981.27,992.35,-14.52,5.9317844784972795,28.47,77.111,N/A,N/A,N/A,N/A,N/A,N/A,N/A,N/A,N/A,N/A,N/A,N/A,N/A,N/A,N/A
2025,1759434747.5869818,1282,3,2120.22,1097.75,3.33,4.590071322646705,28.555,77.21,N/A,N/A,N/A,N/A,N/A,N/A,N/A,N/A,N/A,N/A,N/A,N/A,N/A,N/A,N/A
2025,1759434748.548172,1283,3,28.88,1135.77,-13.93,10.027540427935879,28.432,77.193,N/A,N/A,N/A,N/A,N/A,N/A,N/A,N/A,N/A,N/A,N/A,N/A,N/A,N/A,N/A
2025,1759434749.58919,1284,4,2535.96,927.53,0.87,9.74507450038839,28.453,77.148,N/A,N/A,N/A,N/A,N/A,N/A,N/A,N/A,N/A,N/A,N/A,N/A,N/A,N/A,N/A
2025,1759434750.5503008,1285,0,1116.1,855.56,41.16,6.637949297366005,28.571,77.261,N/A,N/A,N/A,N/A,N/A,N/A,N/A,N/A,N/A,N/A,N/A,N/A,N/A,N/A,N/A
2025,1759434751.5857012,1286,2,2395.75,1093.4,24.91,11.792952475107688,28.44,77.294,N/A,N/A,N/A,N/A,N/A,N/A,N/A,N/A,N/A,N/A,N/A,N/A,N/A,N/A,N/A
2025,1759434752.5523221,1287,3,2770.93,1159.81,40.18,4.872537250194195,28.503,77.229,N/A,N/A,N/A,N/A,N/A,N/A,N/A,N/A,N/A,N/A,N/A,N/A,N/A,N/A,N/A
2025,1759434753.605958,1288,2,828.35,1006.98,31.55,5.719935032836664,28.547,77.245,N/A,N/A,N/A,N/A,N/A,N/A,N/A,N/A,N/A,N/A,N/A,N/A,N/A,N/A,N/A
2025,1759434754.554606,1289,3,502.23,1032.51,-19.89,7.061648188687238,28.463,77.243,N/A,N/A,N/A,N/A,N/A,N/A,N/A,N/A,N/A,N/A,N/A,N/A,N/A,N/A,N/A
2025,1759434755.591452,1290,4,1019.48,1015.81,-8.49,11.228020620012707,28.538,77.248,N/A,N/A,N/A,N/A,N/A,N/A,N/A,N/A,N/A,N/A,N/A,N/A,N/A,N/A,N/A
2025,1759434756.55635,1291,3,656.7,977.42,18.33,7.555963561895345,28.447,77.173,N/A,N/A,N/A,N/A,N/A,N/A,N/A,N/A,N/A,N/A,N/A,N/A,N/A,N/A,N/A
2025,1759434757.593765,1292,4,1325.39,953.72,30.78,10.027540427935879,28.562,77.183,N/A,N/A,N/A,N/A,N/A,N/A,N/A,N/A,N/A,N/A,N/A,N/A,N/A,N/A,N/A
2025,1759434758.620536,1293,2,1647.54,880.82,29.82,6.991031706800368,28.508,77.229,N/A,N/A,N/A,N/A,N/A,N/A,N/A,N/A,N/A,N/A,N/A,N/A,N/A,N/A,N/A
2025,1759434759.560077,1294,0,1834.57,931.75,13.91,5.437469105289174,28.577,77.258,N/A,N/A,N/A,N/A,N/A,N/A,N/A,N/A,N/A,N/A,N/A,N/A,N/A,N/A,N/A
2025,1759434760.60858,1295,1,2079.79,900.88,-12.03,7.414730598121599,28.547,77.217,N/A,N/A,N/A,N/A,N/A,N/A,N/A,N/A,N/A,N/A,N/A,N/A,N/A,N/A,N/A
2025,1759434761.5795908,1296,0,2396.31,1162.19,25.79,4.519454840759835,28.467,77.148,N/A,N/A,N/A,N/A,N/A,N/A,N/A,N/A,N/A,N/A,N/A,N/A,N/A,N/A,N/A
2025,1759434762.562156,1297,3,25.1,1130.64,-15.2,6.073017442271024,28.585,77.203,N/A,N/A,N/A,N/A,N/A,N/A,N/A,N/A,N/A,N/A,N/A,N/A,N/A,N/A,N/A
2025,1759434763.5957172,1298,4,490.14,1176.9,35.02,7.979662453216579,28.428,77.165,N/A,N/A,N/A,N/A,N/A,N/A,N/A,N/A,N/A,N/A,N/A,N/A,N/A,N/A,N/A
2025,1759434764.626204,1299,4,157.09,1028.87,-6.93,7.979662453216579,28.463,77.236,N/A,N/A,N/A,N/A,N/A,N/A,N/A,N/A,N/A,N/A,N/A,N/A,N/A,N/A,N/A
2025,1759434765.565005,1300,4,1202.03,885.83,2.82,7.485347080008474,28.477,77.152,N/A,N/A,N/A,N/A,N/A,N/A,N/A,N/A,N/A,N/A,N/A,N/A,N/A,N/A,N/A
2025,1759434766.6109571,1301,4,2108.86,815.91,4.2,9.18014264529341,28.551,77.106,N/A,N/A,N/A,N/A,N/A,N/A,N/A,N/A,N/A,N/A,N/A,N/A,N/A,N/A,N/A
2025,1759434767.575855,1302,4,318.08,915.05,9.72,5.508085587176044,28.564,77.163,N/A,N/A,N/A,N/A,N/A,N/A,N/A,N/A,N/A,N/A,N/A,N/A,N/A,N/A,N/A
2025,1759434768.568594,1303,4,76.76,966.74,20.45,10.592472283030858,28.429,77.258,N/A,N/A,N/A,N/A,N/A,N/A,N/A,N/A,N/A,N/A,N/A,N/A,N/A,N/A,N/A
2025,1759434769.601648,1304,1,1269.63,817.76,-5.65,8.473977826424688,28.549,77.191,N/A,N/A,N/A,N/A,N/A,N/A,N/A,N/A,N/A,N/A,N/A,N/A,N/A,N/A,N/A
2025,1759434770.637214,1305,2,437.97,823.97,19.06,10.7337052468046,28.475,77.204,N/A,N/A,N/A,N/A,N/A,N/A,N/A,N/A,N/A,N/A,N/A,N/A,N/A,N/A,N/A
2025,1759434771.609231,1306,2,882.28,1027.97,33.32,7.979662453216579,28.444,77.225,N/A,N/A,N/A,N/A,N/A,N/A,N/A,N/A,N/A,N/A,N/A,N/A,N/A,N/A,N/A
2025,1759434772.5724669,1307,2,2809.75,1088.9,26.03,7.132264670574109,28.534,77.293,N/A,N/A,N/A,N/A,N/A,N/A,N/A,N/A,N/A,N/A,N/A,N/A,N/A,N/A,N/A
2025,1759434773.627491,1308,3,1350.96,1077.77,19.47,7.626580043782218,28.587,77.201,N/A,N/A,N/A,N/A,N/A,N/A,N/A,N/A,N/A,N/A,N/A,N/A,N/A,N/A,N/A
2025,1759434774.574096,1309,2,2634.03,1170.85,19.59,10.239389873596497,28.558,77.135,N/A,N/A,N/A,N/A,N/A,N/A,N/A,N/A,N/A,N/A,N/A,N/A,N/A,N/A,N/A
2025,1759434775.610285,1310,0,372.97,1059.76,-17.27,7.767813007555963,28.471,77.174,N/A,N/A,N/A,N/A,N/A,N/A,N/A,N/A,N/A,N/A,N/A,N/A,N/A,N/A,N/A
2025,1759434776.576153,1311,3,2767.69,1008.01,12.51,4.307605395099214,28.564,77.238,N/A,N/A,N/A,N/A,N/A,N/A,N/A,N/A,N/A,N/A,N/A,N/A,N/A,N/A,N/A
2025,1759434777.6196108,1312,1,1650.72,963.65,9.44,11.439870065673327,28.408,77.144,N/A,N/A,N/A,N/A,N/A,N/A,N/A,N/A,N/A,N/A,N/A,N/A,N/A,N/A,N/A
2025,1759434778.580438,1313,2,2692.92,980.99,5.9,6.284866887931644,28.503,77.125,N/A,N/A,N/A,N/A,N/A,N/A,N/A,N/A,N/A,N/A,N/A,N/A,N/A,N/A,N/A
2025,1759434779.629312,1314,2,1086.18,901.4,33.45,4.307605395099214,28.51,77.121,N/A,N/A,N/A,N/A,N/A,N/A,N/A,N/A,N/A,N/A,N/A,N/A,N/A,N/A,N/A
2025,1759434780.580116,1315,1,2191.82,972.79,9.91,6.355483369818514,28.491,77.134,N/A,N/A,N/A,N/A,N/A,N/A,N/A,N/A,N/A,N/A,N/A,N/A,N/A,N/A,N/A
2025,1759434781.6361668,1316,4,1388.56,1136.47,12.36,11.792952475107688,28.598,77.106,N/A,N/A,N/A,N/A,N/A,N/A,N/A,N/A,N/A,N/A,N/A,N/A,N/A,N/A,N/A
2025,1759434782.581988,1317,2,197.72,824.98,3.61,5.084386695854813,28.572,77.189,N/A,N/A,N/A,N/A,N/A,N/A,N/A,N/A,N/A,N/A,N/A,N/A,N/A,N/A,N/A
2025,1759434783.609965,1318,2,504.59,1085.46,-7.4,6.355483369818514,28.558,77.132,N/A,N/A,N/A,N/A,N/A,N/A,N/A,N/A,N/A,N/A,N/A,N/A,N/A,N/A,N/A
2025,1759434784.652871,1319,3,2878.79,805.48,-1.26,3.813290021891109,28.5,77.258,N/A,N/A,N/A,N/A,N/A,N/A,N/A,N/A,N/A,N/A,N/A,N/A,N/A,N/A,N/A
2025,1759434785.592629,1320,2,525.0,1150.49,26.44,7.767813007555963,28.551,77.253,N/A,N/A,N/A,N/A,N/A,N/A,N/A,N/A,N/A,N/A,N/A,N/A,N/A,N/A,N/A
2025,1759434786.637751,1321,4,2570.45,1153.27,7.3,5.9317844784972795,28.44,77.223,N/A,N/A,N/A,N/A,N/A,N/A,N/A,N/A,N/A,N/A,N/A,N/A,N/A,N/A,N/A
2025,1759434787.586821,1322,4,1499.01,1196.26,5.3,10.451239319257112,28.558,77.145,N/A,N/A,N/A,N/A,N/A,N/A,N/A,N/A,N/A,N/A,N/A,N/A,N/A,N/A,N/A
2025,1759434788.6339042,1323,0,2801.43,954.7,46.36,7.909045971329707,28.48,77.222,N/A,N/A,N/A,N/A,N/A,N/A,N/A,N/A,N/A,N/A,N/A,N/A,N/A,N/A,N/A
2025,1759434789.588944,1324,0,938.59,1153.2,46.17,11.934185438881435,28.432,77.162,N/A,N/A,N/A,N/A,N/A,N/A,N/A,N/A,N/A,N/A,N/A,N/A,N/A,N/A,N/A
2025,1759434790.620225,1325,0,2973.41,1145.45,17.28,7.485347080008474,28.497,77.149,N/A,N/A,N/A,N/A,N/A,N/A,N/A,N/A,N/A,N/A,N/A,N/A,N/A,N/A,N/A
2025,1759434791.591018,1326,1,2027.19,1159.95,2.9,5.013770213967939,28.485,77.163,N/A,N/A,N/A,N/A,N/A,N/A,N/A,N/A,N/A,N/A,N/A,N/A,N/A,N/A,N/A
2025,1759434792.638891,1327,0,1362.41,976.5,31.08,10.521855801143985,28.4,77.2,N/A,N/A,N/A,N/A,N/A,N/A,N/A,N/A,N/A,N/A,N/A,N/A,N/A,N/A,N/A
2025,1759434793.5928152,1328,1,1408.6,1187.73,9.06,4.236988913212344,28.421,77.209,N/A,N/A,N/A,N/A,N/A,N/A,N/A,N/A,N/A,N/A,N/A,N/A,N/A,N/A,N/A
2025,1759434794.63487,1329,1,2182.87,996.32,1.38,9.74507450038839,28.517,77.232,N/A,N/A,N/A,N/A,N/A,N/A,N/A,N/A,N/A,N/A,N/A,N/A,N/A,N/A,N/A
2025,1759434795.594932,1330,2,972.67,942.75,-7.94,3.9545229856648536,28.552,77.17,N/A,N/A,N/A,N/A,N/A,N/A,N/A,N/A,N/A,N/A,N/A,N/A,N/A,N/A,N/A
2025,1759434796.6351628,1331,3,1211.24,1184.78,23.46,3.530824094343619,28.594,77.204,N/A,N/A,N/A,N/A,N/A,N/A,N/A,N/A,N/A,N/A,N/A,N/A,N/A,N/A,N/A
2025,1759434797.5974789,1332,3,817.02,884.33,7.27,11.863568956994559,28.55,77.205,N/A,N/A,N/A,N/A,N/A,N/A,N/A,N/A,N/A,N/A,N/A,N/A,N/A,N/A,N/A
2025,1759434798.6169732,1333,2,1013.74,1067.22,4.05,10.592472283030858,28.521,77.22,N/A,N/A,N/A,N/A,N/A,N/A,N/A,N/A,N/A,N/A,N/A,N/A,N/A,N/A,N/A
2025,1759434799.6494348,1334,1,1928.31,945.48,-1.59,11.016171174352088,28.457,77.247,N/A,N/A,N/A,N/A,N/A,N/A,N/A,N/A,N/A,N/A,N/A,N/A,N/A,N/A,N/A
2025,1759434800.599881,1335,3,18.67,854.06,2.25,6.7085657792528774,28.582,77.186,N/A,N/A,N/A,N/A,N/A,N/A,N/A,N/A,N/A,N/A,N/A,N/A,N/A,N/A,N/A
2025,1759434801.640317,1336,1,2482.39,1013.18,18.4,9.18014264529341,28.586,77.293,N/A,N/A,N/A,N/A,N/A,N/A,N/A,N/A,N/A,N/A,N/A,N/A,N/A,N/A,N/A
2025,1759434802.601917,1337,4,621.17,1002.49,28.47,4.025139467551725,28.586,77.148,N/A,N/A,N/A,N/A,N/A,N/A,N/A,N/A,N/A,N/A,N/A,N/A,N/A,N/A,N/A
2025,1759434803.627597,1338,3,1938.52,959.6,36.47,7.132264670574109,28.422,77.102,N/A,N/A,N/A,N/A,N/A,N/A,N/A,N/A,N/A,N/A,N/A,N/A,N/A,N/A,N/A
2025,1759434804.659051,1339,1,2200.68,936.67,12.65,10.66308876491773,28.497,77.107,N/A,N/A,N/A,N/A,N/A,N/A,N/A,N/A,N/A,N/A,N/A,N/A,N/A,N/A,N/A
2025,1759434805.6047602,1340,3,700.45,835.83,-10.66,9.4626085728409,28.569,77.178,N/A,N/A,N/A,N/A,N/A,N/A,N/A,N/A,N/A,N/A,N/A,N/A,N/A,N/A,N/A
2025,1759434806.6394508,1341,0,2286.01,1193.34,24.37,5.296236141515429,28.554,77.16,N/A,N/A,N/A,N/A,N/A,N/A,N/A,N/A,N/A,N/A,N/A,N/A,N/A,N/A,N/A
2025,1759434807.670671,1342,4,1634.61,1071.82,38.29,7.344114116234729,28.578,77.198,N/A,N/A,N/A,N/A,N/A,N/A,N/A,N/A,N/A,N/A,N/A,N/A,N/A,N/A,N/A
2025,1759434808.608984,1343,2,2158.42,1192.5,-18.25,6.496716333592259,28.508,77.238,N/A,N/A,N/A,N/A,N/A,N/A,N/A,N/A,N/A,N/A,N/A,N/A,N/A,N/A,N/A
2025,1759434809.641987,1344,4,1569.37,1084.18,47.94,10.592472283030858,28.406,77.276,N/A,N/A,N/A,N/A,N/A,N/A,N/A,N/A,N/A,N/A,N/A,N/A,N/A,N/A,N/A
2025,1759434810.711133,1345,2,1910.34,802.09,29.12,4.378221876986089,28.423,77.197,N/A,N/A,N/A,N/A,N/A,N/A,N/A,N/A,N/A,N/A,N/A,N/A,N/A,N/A,N/A
2025,1759434811.6536582,1346,3,865.92,976.82,-3.74,10.66308876491773,28.591,77.261,N/A,N/A,N/A,N/A,N/A,N/A,N/A,N/A,N/A,N/A,N/A,N/A,N/A,N/A,N/A
2025,1759434812.6133041,1347,1,562.33,1194.85,-11.17,11.722335993220817,28.589,77.28,N/A,N/A,N/A,N/A,N/A,N/A,N/A,N/A,N/A,N/A,N/A,N/A,N/A,N/A,N/A
2025,1759434813.612947,1348,3,2799.76,875.65,31.77,9.674458018501518,28.423,77.235,N/A,N/A,N/A,N/A,N/A,N/A,N/A,N/A,N/A,N/A,N/A,N/A,N/A,N/A,N/A
2025,1759434814.656381,1349,1,262.05,948.3,-19.33,3.6720570581173644,28.443,77.233,N/A,N/A,N/A,N/A,N/A,N/A,N/A,N/A,N/A,N/A,N/A,N/A,N/A,N/A,N/A
2025,1759434815.683651,1350,0,1892.07,1083.86,9.66,5.719935032836664,28.44,77.109,N/A,N/A,N/A,N/A,N/A,N/A,N/A,N/A,N/A,N/A,N/A,N/A,N/A,N/A,N/A
2025,1759434816.631163,1351,3,2010.27,1016.07,34.67,11.722335993220817,28.572,77.186,N/A,N/A,N/A,N/A,N/A,N/A,N/A,N/A,N/A,N/A,N/A,N/A,N/A,N/A,N/A
2025,1759434817.664181,1352,0,1267.44,896.56,-17.18,5.084386695854813,28.476,77.229,N/A,N/A,N/A,N/A,N/A,N/A,N/A,N/A,N/A,N/A,N/A,N/A,N/A,N/A,N/A
2025,1759434818.620975,1353,2,387.15,1071.15,15.12,7.979662453216579,28.46,77.162,N/A,N/A,N/A,N/A,N/A,N/A,N/A,N/A,N/A,N/A,N/A,N/A,N/A,N/A,N/A
2025,1759434819.618748,1354,0,2285.13,1192.46,23.61,10.168773391709623,28.516,77.124,N/A,N/A,N/A,N/A,N/A,N/A,N/A,N/A,N/A,N/A,N/A,N/A,N/A,N/A,N/A
2025,1759434820.687495,1355,2,1293.67,1074.92,-10.55,6.849798743026623,28.478,77.276,N/A,N/A,N/A,N/A,N/A,N/A,N/A,N/A,N/A,N/A,N/A,N/A,N/A,N/A,N/A
2025,1759434821.631165,1356,1,2660.12,902.68,48.74,4.16637243132547,28.506,77.243,N/A,N/A,N/A,N/A,N/A,N/A,N/A,N/A,N/A,N/A,N/A,N/A,N/A,N/A,N/A
2025,1759434822.678865,1357,3,1580.01,1016.85,17.94,11.439870065673327,28.531,77.217,N/A,N/A,N/A,N/A,N/A,N/A,N/A,N/A,N/A,N/A,N/A,N/A,N/A,N/A,N/A
2025,1759434823.6226418,1358,1,2898.03,1146.3,0.8,8.685827272085303,28.498,77.133,N/A,N/A,N/A,N/A,N/A,N/A,N/A,N/A,N/A,N/A,N/A,N/A,N/A,N/A,N/A
2025,1759434824.6628668,1359,4,220.01,1070.96,20.05,5.225619659628558,28.556,77.168,N/A,N/A,N/A,N/A,N/A,N/A,N/A,N/A,N/A,N/A,N/A,N/A,N/A,N/A,N/A
2025,1759434825.6246269,1360,4,2666.68,1018.3,36.52,3.9545229856648536,28.43,77.116,N/A,N/A,N/A,N/A,N/A,N/A,N/A,N/A,N/A,N/A,N/A,N/A,N/A,N/A,N/A
2025,1759434826.669226,1361,3,1705.05,1189.32,13.23,9.391992090954028,28.564,77.215,N/A,N/A,N/A,N/A,N/A,N/A,N/A,N/A,N/A,N/A,N/A,N/A,N/A,N/A,N/A
2025,1759434827.626532,1362,2,2777.06,1011.42,39.45,10.592472283030858,28.438,77.112,N/A,N/A,N/A,N/A,N/A,N/A,N/A,N/A,N/A,N/A,N/A,N/A,N/A,N/A,N/A
2025,1759434828.677645,1363,1,2577.93,1076.8,27.21,8.685827272085303,28.519,77.222,N/A,N/A,N/A,N/A,N/A,N/A,N/A,N/A,N/A,N/A,N/A,N/A,N/A,N/A,N/A
2025,1759434829.629217,1364,4,823.12,967.07,-8.9,9.391992090954028,28.582,77.129,N/A,N/A,N/A,N/A,N/A,N/A,N/A,N/A,N/A,N/A,N/A,N/A,N/A,N/A,N/A
2025,1759434830.662781,1365,2,1778.45,1031.16,-14.89,5.508085587176044,28.46,77.146,N/A,N/A,N/A,N/A,N/A,N/A,N/A,N/A,N/A,N/A,N/A,N/A,N/A,N/A,N/A
2025,1759434831.63066,1366,3,2495.02,1120.16,42.93,3.9545229856648536,28.545,77.291,N/A,N/A,N/A,N/A,N/A,N/A,N/A,N/A,N/A,N/A,N/A,N/A,N/A,N/A,N/A
2025,1759434832.6789591,1367,0,2425.45,1155.06,-2.57,10.239389873596497,28.549,77.2,N/A,N/A,N/A,N/A,N/A,N/A,N/A,N/A,N/A,N/A,N/A,N/A,N/A,N/A,N/A
2025,1759434833.6326551,1368,3,287.91,806.02,1.01,8.120895416990324,28.509,77.279,N/A,N/A,N/A,N/A,N/A,N/A,N/A,N/A,N/A,N/A,N/A,N/A,N/A,N/A,N/A
2025,1759434834.680963,1369,3,373.46,1188.49,30.85,10.027540427935879,28.454,77.199,N/A,N/A,N/A,N/A,N/A,N/A,N/A,N/A,N/A,N/A,N/A,N/A,N/A,N/A,N/A
2025,1759434835.639381,1370,4,1789.49,958.58,-10.43,6.7085657792528774,28.427,77.221,N/A,N/A,N/A,N/A,N/A,N/A,N/A,N/A,N/A,N/A,N/A,N/A,N/A,N/A,N/A
2025,1759434836.6837661,1371,0,1746.89,823.21,-2.75,11.651719511333946,28.406,77.184,N/A,N/A,N/A,N/A,N/A,N/A,N/A,N/A,N/A,N/A,N/A,N/A,N/A,N/A,N/A
2025,1759434837.6570508,1372,0,1595.26,1042.28,35.28,5.3668526234023,28.518,77.279,N/A,N/A,N/A,N/A,N/A,N/A,N/A,N/A,N/A,N/A,N/A,N/A,N/A,N/A,N/A
2025,1759434838.6998332,1373,1,1794.58,1196.01,15.66,6.637949297366005,28.591,77.282,N/A,N/A,N/A,N/A,N/A,N/A,N/A,N/A,N/A,N/A,N/A,N/A,N/A,N/A,N/A
2025,1759434839.639946,1374,4,1722.8,997.86,24.2,9.815690982275264,28.489,77.287,N/A,N/A,N/A,N/A,N/A,N/A,N/A,N/A,N/A,N/A,N/A,N/A,N/A,N/A,N/A
2025,1759434840.68064,1375,1,546.86,1175.11,10.67,4.236988913212344,28.48,77.291,N/A,N/A,N/A,N/A,N/A,N/A,N/A,N/A,N/A,N/A,N/A,N/A,N/A,N/A,N/A
2025,1759434841.707405,1376,2,126.59,935.11,4.05,4.8019207683073235,28.4,77.179,N/A,N/A,N/A,N/A,N/A,N/A,N/A,N/A,N/A,N/A,N/A,N/A,N/A,N/A,N/A
2025,1759434842.642715,1377,3,2281.96,886.79,2.35,6.7791822611397485,28.587,77.286,N/A,N/A,N/A,N/A,N/A,N/A,N/A,N/A,N/A,N/A,N/A,N/A,N/A,N/A,N/A
2025,1759434843.676973,1378,3,2463.89,1132.48,-15.68,5.437469105289174,28.441,77.164,N/A,N/A,N/A,N/A,N/A,N/A,N/A,N/A,N/A,N/A,N/A,N/A,N/A,N/A,N/A
2025,1759434844.6435819,1379,2,1360.6,865.41,8.67,10.027540427935879,28.466,77.158,N/A,N/A,N/A,N/A,N/A,N/A,N/A,N/A,N/A,N/A,N/A,N/A,N/A,N/A,N/A
2025,1759434845.6759229,1380,2,661.57,896.52,6.61,7.485347080008474,28.474,77.182,N/A,N/A,N/A,N/A,N/A,N/A,N/A,N/A,N/A,N/A,N/A,N/A,N/A,N/A,N/A
2025,1759434846.7057211,1381,3,509.84,1007.41,8.04,10.66308876491773,28.541,77.295,N/A,N/A,N/A,N/A,N/A,N/A,N/A,N/A,N/A,N/A,N/A,N/A,N/A,N/A,N/A
2025,1759434847.646584,1382,1,697.49,1080.49,46.81,6.849798743026623,28.555,77.257,N/A,N/A,N/A,N/A,N/A,N/A,N/A,N/A,N/A,N/A,N/A,N/A,N/A,N/A,N/A
2025,1759434848.6756322,1383,4,2021.63,1024.08,7.58,6.426099851705388,28.584,77.134,N/A,N/A,N/A,N/A,N/A,N/A,N/A,N/A,N/A,N/A,N/A,N/A,N/A,N/A,N/A
2025,1759434849.713071,1384,0,1495.03,985.21,44.89,8.827060235859047,28.526,77.18,N/A,N/A,N/A,N/A,N/A,N/A,N/A,N/A,N/A,N/A,N/A,N/A,N/A,N/A,N/A
2025,1759434850.650316,1385,3,300.65,1072.09,15.88,11.29863710189958,28.475,77.26,N/A,N/A,N/A,N/A,N/A,N/A,N/A,N/A,N/A,N/A,N/A,N/A,N/A,N/A,N/A
2025,1759434851.692411,1386,4,2702.83,800.93,41.77,7.414730598121599,28.53,77.282,N/A,N/A,N/A,N/A,N/A,N/A,N/A,N/A,N/A,N/A,N/A,N/A,N/A,N/A,N/A
2025,1759434852.651718,1387,3,931.18,1058.74,29.39,6.5673328154791335,28.431,77.146,N/A,N/A,N/A,N/A,N/A,N/A,N/A,N/A,N/A,N/A,N/A,N/A,N/A,N/A,N/A
2025,1759434853.685365,1388,3,2331.65,883.1,-19.29,10.521855801143985,28.427,77.206,N/A,N/A,N/A,N/A,N/A,N/A,N/A,N/A,N/A,N/A,N/A,N/A,N/A,N/A,N/A
2025,1759434854.653624,1389,1,2221.67,1090.7,5.05,9.674458018501518,28.549,77.254,N/A,N/A,N/A,N/A,N/A,N/A,N/A,N/A,N/A,N/A,N/A,N/A,N/A,N/A,N/A
2025,1759434855.691016,1390,4,2237.3,1132.72,-5.75,9.18014264529341,28.488,77.222,N/A,N/A,N/A,N/A,N/A,N/A,N/A,N/A,N/A,N/A,N/A,N/A,N/A,N/A,N/A
2025,1759434856.6739368,1391,2,2028.43,861.54,-2.66,6.7791822611397485,28.527,77.103,N/A,N/A,N/A,N/A,N/A,N/A,N/A,N/A,N/A,N/A,N/A,N/A,N/A,N/A,N/A
2025,1759434857.7171662,1392,0,116.5,968.51,-3.24,6.426099851705388,28.486,77.247,N/A,N/A,N/A,N/A,N/A,N/A,N/A,N/A,N/A,N/A,N/A,N/A,N/A,N/A,N/A
2025,1759434858.667479,1393,0,1010.9,1087.14,4.5,11.016171174352088,28.575,77.173,N/A,N/A,N/A,N/A,N/A,N/A,N/A,N/A,N/A,N/A,N/A,N/A,N/A,N/A,N/A
2025,1759434859.724046,1394,0,2692.27,1106.74,48.01,9.250759127180283,28.445,77.259,N/A,N/A,N/A,N/A,N/A,N/A,N/A,N/A,N/A,N/A,N/A,N/A,N/A,N/A,N/A
2025,1759434860.665348,1395,0,588.19,912.08,22.7,11.228020620012707,28.476,77.202,N/A,N/A,N/A,N/A,N/A,N/A,N/A,N/A,N/A,N/A,N/A,N/A,N/A,N/A,N/A
2025,1759434861.708939,1396,4,970.32,975.41,13.67,5.437469105289174,28.538,77.129,N/A,N/A,N/A,N/A,N/A,N/A,N/A,N/A,N/A,N/A,N/A,N/A,N/A,N/A,N/A
2025,1759434862.661393,1397,0,1468.1,1133.06,29.58,9.533225054727772,28.584,77.246,N/A,N/A,N/A,N/A,N/A,N/A,N/A,N/A,N/A,N/A,N/A,N/A,N/A,N/A,N/A
2025,1759434863.699923,1398,3,2268.97,1148.69,-17.6,5.225619659628558,28.479,77.259,N/A,N/A,N/A,N/A,N/A,N/A,N/A,N/A,N/A,N/A,N/A,N/A,N/A,N/A,N/A
2025,1759434864.6633,1399,1,2455.26,1152.27,44.69,8.54459430831156,28.563,77.239,N/A,N/A,N/A,N/A,N/A,N/A,N/A,N/A,N/A,N/A,N/A,N/A,N/A,N/A,N/A
2025,1759434865.710604,1400,0,1151.74,1094.55,-18.27,5.64931855094979,28.408,77.108,N/A,N/A,N/A,N/A,N/A,N/A,N/A,N/A,N/A,N/A,N/A,N/A,N/A,N/A,N/A
2025,1759434866.6654038,1401,0,1711.91,1183.65,12.3,10.451239319257112,28.48,77.104,N/A,N/A,N/A,N/A,N/A,N/A,N/A,N/A,N/A,N/A,N/A,N/A,N/A,N/A,N/A
2025,1759434867.708778,1402,2,2761.97,959.36,36.49,11.29863710189958,28.416,77.136,N/A,N/A,N/A,N/A,N/A,N/A,N/A,N/A,N/A,N/A,N/A,N/A,N/A,N/A,N/A
2025,1759434868.66743,1403,2,2719.29,1032.62,-0.92,8.26212838076407,28.496,77.282,N/A,N/A,N/A,N/A,N/A,N/A,N/A,N/A,N/A,N/A,N/A,N/A,N/A,N/A,N/A
2025,1759434869.709666,1404,0,1817.44,1117.49,17.44,11.228020620012707,28.484,77.297,N/A,N/A,N/A,N/A,N/A,N/A,N/A,N/A,N/A,N/A,N/A,N/A,N/A,N/A,N/A
2025,1759434870.669434,1405,3,2215.05,1085.17,46.89,10.66308876491773,28.521,77.227,N/A,N/A,N/A,N/A,N/A,N/A,N/A,N/A,N/A,N/A,N/A,N/A,N/A,N/A,N/A
2025,1759434871.7027142,1406,4,1601.05,1171.71,23.22,3.742673540004235,28.415,77.202,N/A,N/A,N/A,N/A,N/A,N/A,N/A,N/A,N/A,N/A,N/A,N/A,N/A,N/A,N/A
2025,1759434872.741333,1407,3,1601.86,871.84,47.3,8.050278935103451,28.409,77.154,N/A,N/A,N/A,N/A,N/A,N/A,N/A,N/A,N/A,N/A,N/A,N/A,N/A,N/A,N/A
2025,1759434873.675293,1408,4,2815.95,1186.92,41.27,10.451239319257112,28.557,77.126,N/A,N/A,N/A,N/A,N/A,N/A,N/A,N/A,N/A,N/A,N/A,N/A,N/A,N/A,N/A
2025,1759434874.717746,1409,0,2433.92,961.26,8.44,11.58110302944707,28.537,77.256,N/A,N/A,N/A,N/A,N/A,N/A,N/A,N/A,N/A,N/A,N/A,N/A,N/A,N/A,N/A
2025,1759434875.674505,1410,2,1370.43,887.72,6.38,5.084386695854813,28.517,77.29,N/A,N/A,N/A,N/A,N/A,N/A,N/A,N/A,N/A,N/A,N/A,N/A,N/A,N/A,N/A
2025,1759434876.722639,1411,2,1421.38,1117.92,46.7,4.448838358872959,28.583,77.223,N/A,N/A,N/A,N/A,N/A,N/A,N/A,N/A,N/A,N/A,N/A,N/A,N/A,N/A,N/A
2025,1759434877.67644,1412,2,2889.42,916.52,39.09,11.934185438881435,28.417,77.146,N/A,N/A,N/A,N/A,N/A,N/A,N/A,N/A,N/A,N/A,N/A,N/A,N/A,N/A,N/A
2025,1759434878.720028,1413,0,2435.92,1173.54,-0.35,8.897676717745918,28.455,77.153,N/A,N/A,N/A,N/A,N/A,N/A,N/A,N/A,N/A,N/A,N/A,N/A,N/A,N/A,N/A
2025,1759434881.6802702,1416,2,865.03,910.82,31.78,5.155003177741683,28.468,77.238,N/A,N/A,N/A,N/A,N/A,N/A,N/A,N/A,N/A,N/A,N/A,N/A,N/A,N/A,N/A
2025,1759434882.7254379,1417,1,576.19,820.94,19.69,7.132264670574109,28.492,77.277,N/A,N/A,N/A,N/A,N/A,N/A,N/A,N/A,N/A,N/A,N/A,N/A,N/A,N/A,N/A
2025,1759434886.7060091,1421,0,2914.15,1148.34,45.95,6.426099851705388,28.495,77.222,N/A,N/A,N/A,N/A,N/A,N/A,N/A,N/A,N/A,N/A,N/A,N/A,N/A,N/A,N/A
2025,1759434887.747117,1422,4,2682.13,803.8,36.62,7.626580043782218,28.474,77.288,N/A,N/A,N/A,N/A,N/A,N/A,N/A,N/A,N/A,N/A,N/A,N/A,N/A,N/A,N/A
2025,1759434888.6892989,1423,1,1779.89,807.45,4.43,3.742673540004235,28.586,77.216,N/A,N/A,N/A,N/A,N/A,N/A,N/A,N/A,N/A,N/A,N/A,N/A,N/A,N/A,N/A
2025,1759434889.72342,1424,3,2403.2,961.26,46.62,4.660687804533579,28.482,77.201,N/A,N/A,N/A,N/A,N/A,N/A,N/A,N/A,N/A,N/A,N/A,N/A,N/A,N/A,N/A
2025,1759434890.750976,1425,3,686.22,1052.1,45.92,11.157404138125838,28.54,77.134,N/A,N/A,N/A,N/A,N/A,N/A,N/A,N/A,N/A,N/A,N/A,N/A,N/A,N/A,N/A
2025,1759434891.690221,1426,3,1935.96,1102.72,3.03,8.050278935103451,28.459,77.189,N/A,N/A,N/A,N/A,N/A,N/A,N/A,N/A,N/A,N/A,N/A,N/A,N/A,N/A,N/A
2025,1759434892.7303932,1427,0,594.15,821.21,32.13,4.590071322646705,28.598,77.29,N/A,N/A,N/A,N/A,N/A,N/A,N/A,N/A,N/A,N/A,N/A,N/A,N/A,N/A,N/A
2025,1759434893.692447,1428,4,794.88,1160.69,24.15,4.025139467551725,28.419,77.196,N/A,N/A,N/A,N/A,N/A,N/A,N/A,N/A,N/A,N/A,N/A,N/A,N/A,N/A,N/A
2025,1759434894.739954,1429,4,1489.07,1060.26,49.16,7.909045971329707,28.49,77.184,N/A,N/A,N/A,N/A,N/A,N/A,N/A,N/A,N/A,N/A,N/A,N/A,N/A,N/A,N/A
2025,1759434895.694222,1430,0,2524.38,805.94,39.59,11.157404138125838,28.457,77.159,N/A,N/A,N/A,N/A,N/A,N/A,N/A,N/A,N/A,N/A,N/A,N/A,N/A,N/A,N/A
2025,1759434896.731174,1431,2,597.35,827.7,28.85,7.273497634347855,28.523,77.102,N/A,N/A,N/A,N/A,N/A,N/A,N/A,N/A,N/A,N/A,N/A,N/A,N/A,N/A,N/A
2025,1759434897.696189,1432,2,1589.45,1140.45,7.27,5.225619659628558,28.516,77.294,N/A,N/A,N/A,N/A,N/A,N/A,N/A,N/A,N/A,N/A,N/A,N/A,N/A,N/A,N/A
2025,1759434898.725666,1433,2,2643.27,881.91,40.68,8.332744862650943,28.528,77.114,N/A,N/A,N/A,N/A,N/A,N/A,N/A,N/A,N/A,N/A,N/A,N/A,N/A,N/A,N/A
2025,1759434899.766888,1434,2,384.8,1044.31,-11.16,4.943153732081068,28.433,77.22,N/A,N/A,N/A,N/A,N/A,N/A,N/A,N/A,N/A,N/A,N/A,N/A,N/A,N/A,N/A
2025,1759434900.698977,1435,3,2398.45,1135.11,19.88,8.26212838076407,28.443,77.284,N/A,N/A,N/A,N/A,N/A,N/A,N/A,N/A,N/A,N/A,N/A,N/A,N/A,N/A,N/A
2025,1759434901.73623,1436,0,2527.69,827.0,-16.01,11.439870065673327,28.545,77.108,N/A,N/A,N/A,N/A,N/A,N/A,N/A,N/A,N/A,N/A,N/A,N/A,N/A,N/A,N/A
2025,1759434902.701099,1437,1,1389.18,938.24,21.44,7.767813007555963,28.454,77.112,N/A,N/A,N/A,N/A,N/A,N/A,N/A,N/A,N/A,N/A,N/A,N/A,N/A,N/A,N/A
2025,1759434903.744343,1438,2,655.53,1146.29,-8.17,10.592472283030858,28.585,77.138,N/A,N/A,N/A,N/A,N/A,N/A,N/A,N/A,N/A,N/A,N/A,N/A,N/A,N/A,N/A
2025,1759434904.703083,1439,3,941.87,958.94,-15.4,4.095755949438598,28.493,77.241,N/A,N/A,N/A,N/A,N/A,N/A,N/A,N/A,N/A,N/A,N/A,N/A,N/A,N/A,N/A
2025,1759434905.754266,1440,1,1999.88,1120.17,-12.77,9.533225054727772,28.567,77.272,N/A,N/A,N/A,N/A,N/A,N/A,N/A,N/A,N/A,N/A,N/A,N/A,N/A,N/A,N/A
2025,1759434906.705293,1441,4,96.53,933.0,5.12,9.886307464162135,28.443,77.204,N/A,N/A,N/A,N/A,N/A,N/A,N/A,N/A,N/A,N/A,N/A,N/A,N/A,N/A,N/A
2025,1759434907.748085,1442,4,2564.56,1050.3,13.09,6.426099851705388,28.465,77.28,N/A,N/A,N/A,N/A,N/A,N/A,N/A,N/A,N/A,N/A,N/A,N/A,N/A,N/A,N/A
2025,1759434908.7072818,1443,2,1398.83,821.84,34.44,10.804321728691477,28.557,77.109,N/A,N/A,N/A,N/A,N/A,N/A,N/A,N/A,N/A,N/A,N/A,N/A,N/A,N/A,N/A
2025,1759434909.737251,1444,4,2720.91,833.64,45.18,6.849798743026623,28.488,77.204,N/A,N/A,N/A,N/A,N/A,N/A,N/A,N/A,N/A,N/A,N/A,N/A,N/A,N/A,N/A
2025,1759434910.776154,1445,3,57.17,944.46,12.44,4.943153732081068,28.477,77.162,N/A,N/A,N/A,N/A,N/A,N/A,N/A,N/A,N/A,N/A,N/A,N/A,N/A,N/A,N/A
2025,1759434911.71678,1446,2,2682.03,1140.43,47.55,4.236988913212344,28.438,77.175,N/A,N/A,N/A,N/A,N/A,N/A,N/A,N/A,N/A,N/A,N/A,N/A,N/A,N/A,N/A
2025,1759434912.754406,1447,3,2976.37,1184.78,-3.62,5.9317844784972795,28.576,77.1,N/A,N/A,N/A,N/A,N/A,N/A,N/A,N/A,N/A,N/A,N/A,N/A,N/A,N/A,N/A
2025,1759434913.712047,1448,3,965.79,1090.79,25.03,8.897676717745918,28.555,77.295,N/A,N/A,N/A,N/A,N/A,N/A,N/A,N/A,N/A,N/A,N/A,N/A,N/A,N/A,N/A
2025,1759434914.741617,1449,2,423.28,829.86,-2.65,9.391992090954028,28.5,77.119,N/A,N/A,N/A,N/A,N/A,N/A,N/A,N/A,N/A,N/A,N/A,N/A,N/A,N/A,N/A
2025,1759434915.774826,1450,1,635.62,1181.09,-18.22,5.155003177741683,28.499,77.164,N/A,N/A,N/A,N/A,N/A,N/A,N/A,N/A,N/A,N/A,N/A,N/A,N/A,N/A,N/A
2025,1759434916.71547,1451,2,2027.46,805.59,-8.02,9.95692394604901,28.599,77.254,N/A,N/A,N/A,N/A,N/A,N/A,N/A,N/A,N/A,N/A,N/A,N/A,N/A,N/A,N/A
2025,1759434917.752231,1452,0,269.64,884.91,-14.83,6.284866887931644,28.408,77.239,N/A,N/A,N/A,N/A,N/A,N/A,N/A,N/A,N/A,N/A,N/A,N/A,N/A,N/A,N/A
2025,1759434918.786077,1453,4,7.98,1000.94,20.26,8.756443753972178,28.446,77.129,N/A,N/A,N/A,N/A,N/A,N/A,N/A,N/A,N/A,N/A,N/A,N/A,N/A,N/A,N/A
2025,1759434919.727076,1454,2,1648.6,1126.56,31.7,8.191511898877197,28.488,77.246,N/A,N/A,N/A,N/A,N/A,N/A,N/A,N/A,N/A,N/A,N/A,N/A,N/A,N/A,N/A
2025,1759434920.77441,1455,2,2875.91,808.09,-18.93,5.508085587176044,28.597,77.295,N/A,N/A,N/A,N/A,N/A,N/A,N/A,N/A,N/A,N/A,N/A,N/A,N/A,N/A,N/A
2025,1759434921.719815,1456,4,754.67,882.08,-2.96,9.674458018501518,28.473,77.234,N/A,N/A,N/A,N/A,N/A,N/A,N/A,N/A,N/A,N/A,N/A,N/A,N/A,N/A,N/A
2025,1759434922.752039,1457,3,1135.15,1021.01,16.98,7.414730598121599,28.449,77.158,N/A,N/A,N/A,N/A,N/A,N/A,N/A,N/A,N/A,N/A,N/A,N/A,N/A,N/A,N/A
2025,1759434923.7901142,1458,2,2755.83,962.18,45.82,3.60144057623049,28.543,77.237,N/A,N/A,N/A,N/A,N/A,N/A,N/A,N/A,N/A,N/A,N/A,N/A,N/A,N/A,N/A
2025,1759434924.730369,1459,4,169.58,939.46,37.26,5.155003177741683,28.428,77.282,N/A,N/A,N/A,N/A,N/A,N/A,N/A,N/A,N/A,N/A,N/A,N/A,N/A,N/A,N/A
2025,1759434925.7768881,1460,2,361.18,1156.74,-14.46,8.968293199632793,28.465,77.297,N/A,N/A,N/A,N/A,N/A,N/A,N/A,N/A,N/A,N/A,N/A,N/A,N/A,N/A,N/A
2025,1759434926.7249842,1461,3,1054.33,908.38,45.48,10.7337052468046,28.547,77.146,N/A,N/A,N/A,N/A,N/A,N/A,N/A,N/A,N/A,N/A,N/A,N/A,N/A,N/A,N/A
2025,1759434927.774343,1462,3,2805.44,816.15,4.25,7.979662453216579,28.519,77.137,N/A,N/A,N/A,N/A,N/A,N/A,N/A,N/A,N/A,N/A,N/A,N/A,N/A,N/A,N/A
2025,1759434928.726917,1463,1,1977.99,1090.59,17.5,10.098156909822753,28.459,77.129,N/A,N/A,N/A,N/A,N/A,N/A,N/A,N/A,N/A,N/A,N/A,N/A,N/A,N/A,N/A
2025,1759434929.771488,1464,2,156.24,821.93,-18.39,5.084386695854813,28.408,77.114,N/A,N/A,N/A,N/A,N/A,N/A,N/A,N/A,N/A,N/A,N/A,N/A,N/A,N/A,N/A
2025,1759434930.729128,1465,1,2885.39,924.11,-5.99,9.109526163406539,28.502,77.19,N/A,N/A,N/A,N/A,N/A,N/A,N/A,N/A,N/A,N/A,N/A,N/A,N/A,N/A,N/A
2025,1759434931.775627,1466,4,1056.78,1054.77,-12.37,4.095755949438598,28.471,77.156,N/A,N/A,N/A,N/A,N/A,N/A,N/A,N/A,N/A,N/A,N/A,N/A,N/A,N/A,N/A
2025,1759434932.730933,1467,4,1941.02,926.12,-4.51,5.861167996610408,28.572,77.286,N/A,N/A,N/A,N/A,N/A,N/A,N/A,N/A,N/A,N/A,N/A,N/A,N/A,N/A,N/A
2025,1759434933.760246,1468,1,2198.45,1128.81,40.26,7.485347080008474,28.595,77.125,N/A,N/A,N/A,N/A,N/A,N/A,N/A,N/A,N/A,N/A,N/A,N/A,N/A,N/A,N/A
2025,1759434934.732872,1469,2,1749.18,845.53,46.07,6.7085657792528774,28.598,77.175,N/A,N/A,N/A,N/A,N/A,N/A,N/A,N/A,N/A,N/A,N/A,N/A,N/A,N/A,N/A
2025,1759434935.773398,1470,1,55.31,1153.41,19.64,4.095755949438598,28.576,77.185,N/A,N/A,N/A,N/A,N/A,N/A,N/A,N/A,N/A,N/A,N/A,N/A,N/A,N/A,N/A
2025,1759434936.7349272,1471,2,1066.56,1046.19,9.36,9.886307464162135,28.581,77.26,N/A,N/A,N/A,N/A,N/A,N/A,N/A,N/A,N/A,N/A,N/A,N/A,N/A,N/A,N/A
2025,1759434937.778904,1472,0,1970.33,1054.18,-3.42,10.66308876491773,28.547,77.107,N/A,N/A,N/A,N/A,N/A,N/A,N/A,N/A,N/A,N/A,N/A,N/A,N/A,N/A,N/A
2025,1759434938.737113,1473,2,2317.5,850.27,23.55,4.660687804533579,28.444,77.239,N/A,N/A,N/A,N/A,N/A,N/A,N/A,N/A,N/A,N/A,N/A,N/A,N/A,N/A,N/A
2025,1759434939.776004,1474,4,2838.4,1021.81,-8.5,7.909045971329707,28.407,77.229,N/A,N/A,N/A,N/A,N/A,N/A,N/A,N/A,N/A,N/A,N/A,N/A,N/A,N/A,N/A
2025,1759434940.73884,1475,2,1810.48,1176.16,25.6,10.804321728691477,28.4,77.126,N/A,N/A,N/A,N/A,N/A,N/A,N/A,N/A,N/A,N/A,N/A,N/A,N/A,N/A,N/A
2025,1759434941.771806,1476,2,2343.48,1174.55,34.66,10.804321728691477,28.576,77.245,N/A,N/A,N/A,N/A,N/A,N/A,N/A,N/A,N/A,N/A,N/A,N/A,N/A,N/A,N/A
2025,1759434942.8063931,1477,4,473.88,1063.28,13.95,8.26212838076407,28.506,77.261,N/A,N/A,N/A,N/A,N/A,N/A,N/A,N/A,N/A,N/A,N/A,N/A,N/A,N/A,N/A
2025,1759434943.744842,1478,3,1009.36,915.27,-17.49,10.239389873596497,28.56,77.194,N/A,N/A,N/A,N/A,N/A,N/A,N/A,N/A,N/A,N/A,N/A,N/A,N/A,N/A,N/A
2025,1759434944.785744,1479,3,1940.3,898.15,21.13,3.6720570581173644,28.592,77.207,N/A,N/A,N/A,N/A,N/A,N/A,N/A,N/A,N/A,N/A,N/A,N/A,N/A,N/A,N/A
2025,1759434945.743859,1480,3,294.62,1099.94,-10.01,10.168773391709623,28.406,77.238,N/A,N/A,N/A,N/A,N/A,N/A,N/A,N/A,N/A,N/A,N/A,N/A,N/A,N/A,N/A
2025,1759434946.787818,1481,0,36.95,866.01,30.38,9.321375609067154,28.503,77.27,N/A,N/A,N/A,N/A,N/A,N/A,N/A,N/A,N/A,N/A,N/A,N/A,N/A,N/A,N/A
2025,1759434947.7459981,1482,2,1459.32,1180.22,-4.39,6.21425040604477,28.448,77.204,N/A,N/A,N/A,N/A,N/A,N/A,N/A,N/A,N/A,N/A,N/A,N/A,N/A,N/A,N/A
2025,1759434948.786578,1483,0,583.88,941.2,14.38,8.615210790198432,28.419,77.2,N/A,N/A,N/A,N/A,N/A,N/A,N/A,N/A,N/A,N/A,N/A,N/A,N/A,N/A,N/A
2025,1759434949.7478662,1484,3,1983.86,800.59,43.55,10.7337052468046,28.476,77.288,N/A,N/A,N/A,N/A,N/A,N/A,N/A,N/A,N/A,N/A,N/A,N/A,N/A,N/A,N/A
2025,1759434950.7864552,1485,0,1672.71,1008.13,47.79,7.485347080008474,28.4,77.101,N/A,N/A,N/A,N/A,N/A,N/A,N/A,N/A,N/A,N/A,N/A,N/A,N/A,N/A,N/A
2025,1759434951.749871,1486,1,2277.0,1152.46,33.57,6.7085657792528774,28.455,77.284,N/A,N/A,N/A,N/A,N/A,N/A,N/A,N/A,N/A,N/A,N/A,N/A,N/A,N/A,N/A
2025,1759434952.7770472,1487,2,2284.02,1120.76,38.33,9.4626085728409,28.546,77.215,N/A,N/A,N/A,N/A,N/A,N/A,N/A,N/A,N/A,N/A,N/A,N/A,N/A,N/A,N/A
2025,1759434953.8150558,1488,1,2930.67,1100.93,-0.59,8.120895416990324,28.514,77.287,N/A,N/A,N/A,N/A,N/A,N/A,N/A,N/A,N/A,N/A,N/A,N/A,N/A,N/A,N/A
2025,1759434954.752767,1489,2,1962.99,1031.37,28.2,7.202881152460984,28.579,77.273,N/A,N/A,N/A,N/A,N/A,N/A,N/A,N/A,N/A,N/A,N/A,N/A,N/A,N/A,N/A
2025,1759434955.783832,1490,1,1481.15,1144.45,-4.4,6.143633924157898,28.525,77.118,N/A,N/A,N/A,N/A,N/A,N/A,N/A,N/A,N/A,N/A,N/A,N/A,N/A,N/A,N/A
2025,1759434956.818464,1491,0,1035.82,1134.36,44.71,9.95692394604901,28.453,77.176,N/A,N/A,N/A,N/A,N/A,N/A,N/A,N/A,N/A,N/A,N/A,N/A,N/A,N/A,N/A
2025,1759434957.755827,1492,2,1522.36,1103.6,-15.71,10.874938210578348,28.555,77.208,N/A,N/A,N/A,N/A,N/A,N/A,N/A,N/A,N/A,N/A,N/A,N/A,N/A,N/A,N/A
2025,1759434958.801294,1493,3,918.78,893.68,-18.36,6.426099851705388,28.517,77.123,N/A,N/A,N/A,N/A,N/A,N/A,N/A,N/A,N/A,N/A,N/A,N/A,N/A,N/A,N/A
2025,1759434959.757879,1494,4,2290.99,911.3,16.97,5.508085587176044,28.562,77.148,N/A,N/A,N/A,N/A,N/A,N/A,N/A,N/A,N/A,N/A,N/A,N/A,N/A,N/A,N/A
2025,1759434960.803775,1495,0,988.9,991.59,29.11,6.426099851705388,28.414,77.162,N/A,N/A,N/A,N/A,N/A,N/A,N/A,N/A,N/A,N/A,N/A,N/A,N/A,N/A,N/A
2025,1759434961.759945,1496,3,60.93,1083.17,-5.06,5.084386695854813,28.498,77.198,N/A,N/A,N/A,N/A,N/A,N/A,N/A,N/A,N/A,N/A,N/A,N/A,N/A,N/A,N/A
2025,1759434962.79218,1497,4,1163.7,1151.71,36.11,11.016171174352088,28.498,77.152,N/A,N/A,N/A,N/A,N/A,N/A,N/A,N/A,N/A,N/A,N/A,N/A,N/A,N/A,N/A
2025,1759434963.7615921,1498,4,2009.4,948.8,-15.57,6.002400960384153,28.47,77.19,N/A,N/A,N/A,N/A,N/A,N/A,N/A,N/A,N/A,N/A,N/A,N/A,N/A,N/A,N/A
2025,1759434964.800287,1499,0,2776.62,1040.77,28.56,5.437469105289174,28.459,77.254,N/A,N/A,N/A,N/A,N/A,N/A,N/A,N/A,N/A,N/A,N/A,N/A,N/A,N/A,N/A
2025,1759434965.763665,1500,3,2731.55,946.79,47.08,9.250759127180283,28.591,77.233,N/A,N/A,N/A,N/A,N/A,N/A,N/A,N/A,N/A,N/A,N/A,N/A,N/A,N/A,N/A
2025,1759434966.811832,1501,0,2001.26,843.46,-15.51,8.191511898877197,28.52,77.131,N/A,N/A,N/A,N/A,N/A,N/A,N/A,N/A,N/A,N/A,N/A,N/A,N/A,N/A,N/A
2025,1759434967.766179,1502,4,889.35,877.0,-8.55,5.296236141515429,28.452,77.155,N/A,N/A,N/A,N/A,N/A,N/A,N/A,N/A,N/A,N/A,N/A,N/A,N/A,N/A,N/A
2025,1759434968.8063822,1503,1,797.5,1122.41,21.33,4.943153732081068,28.506,77.279,N/A,N/A,N/A,N/A,N/A,N/A,N/A,N/A,N/A,N/A,N/A,N/A,N/A,N/A,N/A
2025,1759434969.767627,1504,4,2420.29,1051.1,30.95,11.369253583786458,28.513,77.172,N/A,N/A,N/A,N/A,N/A,N/A,N/A,N/A,N/A,N/A,N/A,N/A,N/A,N/A,N/A
2025,1759434970.79373,1505,3,216.32,1161.77,15.95,8.191511898877197,28.544,77.273,N/A,N/A,N/A,N/A,N/A,N/A,N/A,N/A,N/A,N/A,N/A,N/A,N/A,N/A,N/A
2025,1759434971.839233,1506,3,2184.77,974.17,26.24,5.508085587176044,28.405,77.236,N/A,N/A,N/A,N/A,N/A,N/A,N/A,N/A,N/A,N/A,N/A,N/A,N/A,N/A,N/A
2025,1759434972.7706182,1507,4,740.49,1073.83,10.97,6.355483369818514,28.532,77.109,N/A,N/A,N/A,N/A,N/A,N/A,N/A,N/A,N/A,N/A,N/A,N/A,N/A,N/A,N/A
2025,1759434973.8168252,1508,2,2945.32,907.11,-17.77,6.7085657792528774,28.572,77.226,N/A,N/A,N/A,N/A,N/A,N/A,N/A,N/A,N/A,N/A,N/A,N/A,N/A,N/A,N/A
2025,1759434974.7726269,1509,2,94.7,1091.76,-15.38,4.590071322646705,28.418,77.171,N/A,N/A,N/A,N/A,N/A,N/A,N/A,N/A,N/A,N/A,N/A,N/A,N/A,N/A,N/A
2025,1759434975.814312,1510,3,1081.8,1168.34,41.66,4.307605395099214,28.406,77.258,N/A,N/A,N/A,N/A,N/A,N/A,N/A,N/A,N/A,N/A,N/A,N/A,N/A,N/A,N/A
2025,1759434976.7744699,1511,0,1091.88,1197.87,21.68,10.592472283030858,28.574,77.256,N/A,N/A,N/A,N/A,N/A,N/A,N/A,N/A,N/A,N/A,N/A,N/A,N/A,N/A,N/A
2025,1759434977.816409,1512,4,453.54,943.56,-11.45,5.64931855094979,28.595,77.26,N/A,N/A,N/A,N/A,N/A,N/A,N/A,N/A,N/A,N/A,N/A,N/A,N/A,N/A,N/A
2025,1759434978.777364,1513,2,2845.66,803.52,40.42,4.872537250194195,28.509,77.294,N/A,N/A,N/A,N/A,N/A,N/A,N/A,N/A,N/A,N/A,N/A,N/A,N/A,N/A,N/A
2025,1759434979.824209,1514,2,2815.21,856.15,44.15,7.979662453216579,28.597,77.118,N/A,N/A,N/A,N/A,N/A,N/A,N/A,N/A,N/A,N/A,N/A,N/A,N/A,N/A,N/A
2025,1759434980.778531,1515,4,747.01,972.11,21.19,11.369253583786458,28.409,77.121,N/A,N/A,N/A,N/A,N/A,N/A,N/A,N/A,N/A,N/A,N/A,N/A,N/A,N/A,N/A
2025,1759434981.811705,1516,1,449.52,914.09,35.49,5.013770213967939,28.456,77.125,N/A,N/A,N/A,N/A,N/A,N/A,N/A,N/A,N/A,N/A,N/A,N/A,N/A,N/A,N/A
2025,1759434982.871011,1517,1,1433.53,836.58,1.53,10.7337052468046,28.573,77.125,N/A,N/A,N/A,N/A,N/A,N/A,N/A,N/A,N/A,N/A,N/A,N/A,N/A,N/A,N/A
2025,1759434983.781476,1518,3,1804.17,1148.9,18.23,5.155003177741683,28.557,77.208,N/A,N/A,N/A,N/A,N/A,N/A,N/A,N/A,N/A,N/A,N/A,N/A,N/A,N/A,N/A
2025,1759434984.830782,1519,3,1404.99,1146.5,-17.64,8.685827272085303,28.405,77.255,N/A,N/A,N/A,N/A,N/A,N/A,N/A,N/A,N/A,N/A,N/A,N/A,N/A,N/A,N/A
2025,1759434985.7834182,1520,2,274.25,1120.25,37.2,3.742673540004235,28.412,77.172,N/A,N/A,N/A,N/A,N/A,N/A,N/A,N/A,N/A,N/A,N/A,N/A,N/A,N/A,N/A
2025,1759434986.818689,1521,0,209.34,1193.47,10.31,8.897676717745918,28.477,77.287,N/A,N/A,N/A,N/A,N/A,N/A,N/A,N/A,N/A,N/A,N/A,N/A,N/A,N/A,N/A
2025,1759434987.785416,1522,0,2240.64,1016.26,-7.69,7.132264670574109,28.418,77.22,N/A,N/A,N/A,N/A,N/A,N/A,N/A,N/A,N/A,N/A,N/A,N/A,N/A,N/A,N/A
2025,1759434988.830507,1523,2,2013.83,873.18,35.62,8.332744862650943,28.421,77.165,N/A,N/A,N/A,N/A,N/A,N/A,N/A,N/A,N/A,N/A,N/A,N/A,N/A,N/A,N/A
2025,1759434989.787589,1524,4,2896.92,880.54,35.72,9.109526163406539,28.506,77.161,N/A,N/A,N/A,N/A,N/A,N/A,N/A,N/A,N/A,N/A,N/A,N/A,N/A,N/A,N/A
2025,1759434990.821287,1525,3,1809.96,1175.28,29.35,5.508085587176044,28.485,77.279,N/A,N/A,N/A,N/A,N/A,N/A,N/A,N/A,N/A,N/A,N/A,N/A,N/A,N/A,N/A
2025,1759434991.789438,1526,3,88.42,1002.87,12.53,11.228020620012707,28.501,77.292,N/A,N/A,N/A,N/A,N/A,N/A,N/A,N/A,N/A,N/A,N/A,N/A,N/A,N/A,N/A
2025,1759434992.8361259,1527,0,2082.78,821.83,-1.39,9.038909681519664,28.516,77.137,N/A,N/A,N/A,N/A,N/A,N/A,N/A,N/A,N/A,N/A,N/A,N/A,N/A,N/A,N/A
2025,1759434993.791638,1528,4,1910.12,970.93,-13.83,6.991031706800368,28.438,77.228,N/A,N/A,N/A,N/A,N/A,N/A,N/A,N/A,N/A,N/A,N/A,N/A,N/A,N/A,N/A
2025,1759434994.826369,1529,4,254.17,1190.51,21.94,10.027540427935879,28.521,77.195,N/A,N/A,N/A,N/A,N/A,N/A,N/A,N/A,N/A,N/A,N/A,N/A,N/A,N/A,N/A
2025,1759434995.793376,1530,0,1087.63,902.82,22.61,3.60144057623049,28.516,77.283,N/A,N/A,N/A,N/A,N/A,N/A,N/A,N/A,N/A,N/A,N/A,N/A,N/A,N/A,N/A
2025,1759434998.7966368,1533,2,28.87,960.52,-5.78,5.578702069062919,28.404,77.123,N/A,N/A,N/A,N/A,N/A,N/A,N/A,N/A,N/A,N/A,N/A,N/A,N/A,N/A,N/A
2025,1759434999.835279,1534,2,1860.17,1081.71,-9.67,10.168773391709623,28.484,77.205,N/A,N/A,N/A,N/A,N/A,N/A,N/A,N/A,N/A,N/A,N/A,N/A,N/A,N/A,N/A
2025,1759435000.798621,1535,2,2708.06,1193.54,24.28,9.74507450038839,28.476,77.146,N/A,N/A,N/A,N/A,N/A,N/A,N/A,N/A,N/A,N/A,N/A,N/A,N/A,N/A,N/A
2025,1759435001.832696,1536,3,594.65,945.11,6.19,6.426099851705388,28.559,77.255,N/A,N/A,N/A,N/A,N/A,N/A,N/A,N/A,N/A,N/A,N/A,N/A,N/A,N/A,N/A
2025,1759435002.8004549,1537,1,1794.71,926.42,34.15,8.54459430831156,28.44,77.289,N/A,N/A,N/A,N/A,N/A,N/A,N/A,N/A,N/A,N/A,N/A,N/A,N/A,N/A,N/A
2025,1759435005.803277,1540,3,1816.0,992.51,-7.63,4.16637243132547,28.488,77.167,N/A,N/A,N/A,N/A,N/A,N/A,N/A,N/A,N/A,N/A,N/A,N/A,N/A,N/A,N/A
2025,1759435006.83794,1541,1,659.53,876.35,45.93,4.448838358872959,28.516,77.135,N/A,N/A,N/A,N/A,N/A,N/A,N/A,N/A,N/A,N/A,N/A,N/A,N/A,N/A,N/A
2025,1759435007.8723252,1542,1,1968.91,1188.26,-17.3,5.296236141515429,28.405,77.176,N/A,N/A,N/A,N/A,N/A,N/A,N/A,N/A,N/A,N/A,N/A,N/A,N/A,N/A,N/A
2025,1759435008.8062,1543,3,1026.52,1100.02,-9.12,3.60144057623049,28.498,77.108,N/A,N/A,N/A,N/A,N/A,N/A,N/A,N/A,N/A,N/A,N/A,N/A,N/A,N/A,N/A
2025,1759435009.840884,1544,2,1762.08,1104.47,18.89,6.21425040604477,28.44,77.158,N/A,N/A,N/A,N/A,N/A,N/A,N/A,N/A,N/A,N/A,N/A,N/A,N/A,N/A,N/A
2025,1759435010.808488,1545,0,2052.63,1132.29,2.26,5.084386695854813,28.577,77.293,N/A,N/A,N/A,N/A,N/A,N/A,N/A,N/A,N/A,N/A,N/A,N/A,N/A,N/A,N/A
2025,1759435012.875026,1547,1,2359.59,910.94,26.62,8.897676717745918,28.501,77.124,N/A,N/A,N/A,N/A,N/A,N/A,N/A,N/A,N/A,N/A,N/A,N/A,N/A,N/A,N/A
2025,1759435014.861176,1549,1,1581.11,870.77,39.18,9.321375609067154,28.415,77.133,N/A,N/A,N/A,N/A,N/A,N/A,N/A,N/A,N/A,N/A,N/A,N/A,N/A,N/A,N/A
2025,1759435017.8776588,1552,1,472.9,1073.03,37.81,9.886307464162135,28.413,77.19,N/A,N/A,N/A,N/A,N/A,N/A,N/A,N/A,N/A,N/A,N/A,N/A,N/A,N/A,N/A
2025,1759435018.816342,1553,2,2388.16,805.79,48.48,10.451239319257112,28.475,77.238,N/A,N/A,N/A,N/A,N/A,N/A,N/A,N/A,N/A,N/A,N/A,N/A,N/A,N/A,N/A
2025,1759435019.843458,1554,1,1403.21,857.5,18.19,7.061648188687238,28.502,77.174,N/A,N/A,N/A,N/A,N/A,N/A,N/A,N/A,N/A,N/A,N/A,N/A,N/A,N/A,N/A
2025,1759435020.8823922,1555,2,2409.02,878.84,14.95,5.790551514723535,28.595,77.194,N/A,N/A,N/A,N/A,N/A,N/A,N/A,N/A,N/A,N/A,N/A,N/A,N/A,N/A,N/A
2025,1759435021.8205252,1556,4,2939.58,817.52,-14.04,11.863568956994559,28.539,77.104,N/A,N/A,N/A,N/A,N/A,N/A,N/A,N/A,N/A,N/A,N/A,N/A,N/A,N/A,N/A
2025,1759435023.88868,1558,2,94.76,809.63,-3.89,7.414730598121599,28.481,77.192,N/A,N/A,N/A,N/A,N/A,N/A,N/A,N/A,N/A,N/A,N/A,N/A,N/A,N/A,N/A
2025,1759435024.8224099,1559,0,1967.6,927.14,11.6,8.403361344537814,28.4,77.183,N/A,N/A,N/A,N/A,N/A,N/A,N/A,N/A,N/A,N/A,N/A,N/A,N/A,N/A,N/A
2025,1759435025.8586528,1560,0,875.74,801.57,48.74,7.414730598121599,28.524,77.184,N/A,N/A,N/A,N/A,N/A,N/A,N/A,N/A,N/A,N/A,N/A,N/A,N/A,N/A,N/A
2025,1759435026.824335,1561,4,2862.54,1079.57,1.07,5.437469105289174,28.461,77.101,N/A,N/A,N/A,N/A,N/A,N/A,N/A,N/A,N/A,N/A,N/A,N/A,N/A,N/A,N/A
2025,1759435027.8707259,1562,1,892.22,1173.66,34.29,9.95692394604901,28.4,77.122,N/A,N/A,N/A,N/A,N/A,N/A,N/A,N/A,N/A,N/A,N/A,N/A,N/A,N/A,N/A
2025,1759435028.826412,1563,2,1264.46,967.66,22.03,10.027540427935879,28.489,77.176,N/A,N/A,N/A,N/A,N/A,N/A,N/A,N/A,N/A,N/A,N/A,N/A,N/A,N/A,N/A
2025,1759435030.828096,1565,4,2116.22,985.19,26.81,10.098156909822753,28.451,77.212,N/A,N/A,N/A,N/A,N/A,N/A,N/A,N/A,N/A,N/A,N/A,N/A,N/A,N/A,N/A
2025,1759435031.864165,1566,0,12.59,1167.86,9.36,8.191511898877197,28.502,77.14,N/A,N/A,N/A,N/A,N/A,N/A,N/A,N/A,N/A,N/A,N/A,N/A,N/A,N/A,N/A
2025,1759435032.830391,1567,0,1227.14,1147.17,43.25,9.391992090954028,28.551,77.261,N/A,N/A,N/A,N/A,N/A,N/A,N/A,N/A,N/A,N/A,N/A,N/A,N/A,N/A,N/A
2025,1759435033.869809,1568,3,583.0,1182.61,22.56,10.804321728691477,28.562,77.137,N/A,N/A,N/A,N/A,N/A,N/A,N/A,N/A,N/A,N/A,N/A,N/A,N/A,N/A,N/A
2025,1759435034.832298,1569,1,1965.71,828.31,14.06,4.660687804533579,28.438,77.128,N/A,N/A,N/A,N/A,N/A,N/A,N/A,N/A,N/A,N/A,N/A,N/A,N/A,N/A,N/A
2025,1759435035.879075,1570,1,38.64,959.1,-17.31,5.225619659628558,28.51,77.108,N/A,N/A,N/A,N/A,N/A,N/A,N/A,N/A,N/A,N/A,N/A,N/A,N/A,N/A,N/A
2025,1759435036.834195,1571,0,280.57,883.05,42.53,5.437469105289174,28.503,77.154,N/A,N/A,N/A,N/A,N/A,N/A,N/A,N/A,N/A,N/A,N/A,N/A,N/A,N/A,N/A
2025,1759435037.8760908,1572,2,2000.02,968.83,23.3,11.792952475107688,28.503,77.212,N/A,N/A,N/A,N/A,N/A,N/A,N/A,N/A,N/A,N/A,N/A,N/A,N/A,N/A,N/A
2025,1759435038.836341,1573,0,2219.12,857.65,47.66,5.719935032836664,28.491,77.215,N/A,N/A,N/A,N/A,N/A,N/A,N/A,N/A,N/A,N/A,N/A,N/A,N/A,N/A,N/A
2025,1759435039.8822021,1574,0,2553.72,1051.93,-14.6,11.016171174352088,28.496,77.231,N/A,N/A,N/A,N/A,N/A,N/A,N/A,N/A,N/A,N/A,N/A,N/A,N/A,N/A,N/A
2025,1759435040.838103,1575,3,2269.7,1150.58,23.27,7.132264670574109,28.4,77.136,N/A,N/A,N/A,N/A,N/A,N/A,N/A,N/A,N/A,N/A,N/A,N/A,N/A,N/A,N/A
2025,1759435041.880169,1576,0,1096.98,841.03,-9.7,8.54459430831156,28.529,77.17,N/A,N/A,N/A,N/A,N/A,N/A,N/A,N/A,N/A,N/A,N/A,N/A,N/A,N/A,N/A
2025,1759435042.840099,1577,3,1864.25,997.65,-19.42,4.448838358872959,28.526,77.184,N/A,N/A,N/A,N/A,N/A,N/A,N/A,N/A,N/A,N/A,N/A,N/A,N/A,N/A,N/A
2025,1759435043.881962,1578,1,1216.58,893.54,-7.38,7.626580043782218,28.586,77.267,N/A,N/A,N/A,N/A,N/A,N/A,N/A,N/A,N/A,N/A,N/A,N/A,N/A,N/A,N/A
2025,1759435044.84202,1579,1,2135.0,878.64,15.21,4.448838358872959,28.588,77.23,N/A,N/A,N/A,N/A,N/A,N/A,N/A,N/A,N/A,N/A,N/A,N/A,N/A,N/A,N/A
2025,1759435045.875544,1580,0,839.21,992.62,28.75,5.084386695854813,28.591,77.18,N/A,N/A,N/A,N/A,N/A,N/A,N/A,N/A,N/A,N/A,N/A,N/A,N/A,N/A,N/A
2025,1759435046.843945,1581,3,4.6,1152.13,-17.18,11.369253583786458,28.453,77.123,N/A,N/A,N/A,N/A,N/A,N/A,N/A,N/A,N/A,N/A,N/A,N/A,N/A,N/A,N/A
2025,1759435047.8904278,1582,0,580.22,936.4,4.81,9.038909681519664,28.435,77.297,N/A,N/A,N/A,N/A,N/A,N/A,N/A,N/A,N/A,N/A,N/A,N/A,N/A,N/A,N/A
2025,1759435048.846111,1583,3,1103.26,1027.67,-13.56,3.6720570581173644,28.533,77.291,N/A,N/A,N/A,N/A,N/A,N/A,N/A,N/A,N/A,N/A,N/A,N/A,N/A,N/A,N/A
2025,1759435049.887108,1584,3,1192.82,992.21,23.59,5.861167996610408,28.546,77.121,N/A,N/A,N/A,N/A,N/A,N/A,N/A,N/A,N/A,N/A,N/A,N/A,N/A,N/A,N/A
2025,1759435050.848112,1585,2,1363.25,1158.07,39.31,11.086787656238966,28.524,77.108,N/A,N/A,N/A,N/A,N/A,N/A,N/A,N/A,N/A,N/A,N/A,N/A,N/A,N/A,N/A
2025,1759435051.889632,1586,4,589.17,976.93,23.93,6.7791822611397485,28.455,77.11,N/A,N/A,N/A,N/A,N/A,N/A,N/A,N/A,N/A,N/A,N/A,N/A,N/A,N/A,N/A
2025,1759435052.8507679,1587,1,2546.27,1070.7,37.22,8.615210790198432,28.441,77.176,N/A,N/A,N/A,N/A,N/A,N/A,N/A,N/A,N/A,N/A,N/A,N/A,N/A,N/A,N/A
2025,1759435053.891538,1588,0,1183.05,1039.01,-3.87,4.448838358872959,28.409,77.142,N/A,N/A,N/A,N/A,N/A,N/A,N/A,N/A,N/A,N/A,N/A,N/A,N/A,N/A,N/A
2025,1759435054.852104,1589,0,998.06,1172.25,21.85,6.7085657792528774,28.594,77.179,N/A,N/A,N/A,N/A,N/A,N/A,N/A,N/A,N/A,N/A,N/A,N/A,N/A,N/A,N/A
2025,1759435055.885608,1590,1,1317.32,939.97,29.29,6.002400960384153,28.451,77.196,N/A,N/A,N/A,N/A,N/A,N/A,N/A,N/A,N/A,N/A,N/A,N/A,N/A,N/A,N/A
2025,1759435056.854183,1591,3,440.14,1034.33,44.59,11.792952475107688,28.581,77.191,N/A,N/A,N/A,N/A,N/A,N/A,N/A,N/A,N/A,N/A,N/A,N/A,N/A,N/A,N/A
2025,1759435057.901182,1592,2,415.18,1096.73,18.46,4.590071322646705,28.428,77.116,N/A,N/A,N/A,N/A,N/A,N/A,N/A,N/A,N/A,N/A,N/A,N/A,N/A,N/A,N/A
2025,1759435058.8561122,1593,3,1515.67,1191.04,-5.6,4.943153732081068,28.545,77.123,N/A,N/A,N/A,N/A,N/A,N/A,N/A,N/A,N/A,N/A,N/A,N/A,N/A,N/A,N/A
2025,1759435059.897355,1594,2,333.34,924.3,-9.42,9.674458018501518,28.452,77.196,N/A,N/A,N/A,N/A,N/A,N/A,N/A,N/A,N/A,N/A,N/A,N/A,N/A,N/A,N/A
2025,1759435060.8583128,1595,1,306.48,950.12,32.8,3.60144057623049,28.566,77.117,N/A,N/A,N/A,N/A,N/A,N/A,N/A,N/A,N/A,N/A,N/A,N/A,N/A,N/A,N/A
2025,1759435061.9019022,1596,3,428.23,1163.3,9.09,8.473977826424688,28.444,77.139,N/A,N/A,N/A,N/A,N/A,N/A,N/A,N/A,N/A,N/A,N/A,N/A,N/A,N/A,N/A
2025,1759435062.8601532,1597,2,1555.63,941.07,37.4,11.510486547560198,28.527,77.123,N/A,N/A,N/A,N/A,N/A,N/A,N/A,N/A,N/A,N/A,N/A,N/A,N/A,N/A,N/A
2025,1759435063.898216,1598,1,1436.08,921.17,43.28,10.521855801143985,28.451,77.127,N/A,N/A,N/A,N/A,N/A,N/A,N/A,N/A,N/A,N/A,N/A,N/A,N/A,N/A,N/A
2025,1759435064.927844,1599,0,2296.41,1145.85,36.27,9.4626085728409,28.585,77.149,N/A,N/A,N/A,N/A,N/A,N/A,N/A,N/A,N/A,N/A,N/A,N/A,N/A,N/A,N/A
2025,1759435065.8643022,1600,2,176.25,963.77,-15.72,4.660687804533579,28.469,77.264,N/A,N/A,N/A,N/A,N/A,N/A,N/A,N/A,N/A,N/A,N/A,N/A,N/A,N/A,N/A
2025,1759435066.9012659,1601,2,818.66,1074.09,-5.94,4.73130428642045,28.469,77.2,N/A,N/A,N/A,N/A,N/A,N/A,N/A,N/A,N/A,N/A,N/A,N/A,N/A,N/A,N/A
2025,1759435067.864963,1602,3,2656.07,1110.54,35.0,11.792952475107688,28.505,77.163,N/A,N/A,N/A,N/A,N/A,N/A,N/A,N/A,N/A,N/A,N/A,N/A,N/A,N/A,N/A
2025,1759435068.9040482,1603,3,1591.9,1107.06,29.12,8.332744862650943,28.417,77.195,N/A,N/A,N/A,N/A,N/A,N/A,N/A,N/A,N/A,N/A,N/A,N/A,N/A,N/A,N/A
2025,1759435069.8669262,1604,1,796.32,896.53,17.55,8.332744862650943,28.465,77.221,N/A,N/A,N/A,N/A,N/A,N/A,N/A,N/A,N/A,N/A,N/A,N/A,N/A,N/A,N/A
2025,1759435070.908211,1605,4,2062.67,971.93,20.25,10.168773391709623,28.422,77.278,N/A,N/A,N/A,N/A,N/A,N/A,N/A,N/A,N/A,N/A,N/A,N/A,N/A,N/A,N/A
2025,1759435071.869256,1606,3,2285.99,1163.76,49.52,4.448838358872959,28.574,77.244,N/A,N/A,N/A,N/A,N/A,N/A,N/A,N/A,N/A,N/A,N/A,N/A,N/A,N/A,N/A
2025,1759435072.907077,0,0,0.0,1013.25,25.0,12.004801920768307,28.6139,77.209,N/A,N/A,N/A,N/A,N/A,N/A,N/A,N/A,N/A,N/A,N/A,N/A,N/A,N/A,N/A
2025,1759435073.8708322,1608,1,1325.56,991.46,28.66,8.827060235859047,28.435,77.105,N/A,N/A,N/A,N/A,N/A,N/A,N/A,N/A,N/A,N/A,N/A,N/A,N/A,N/A,N/A
2025,1759435074.906993,1609,0,2555.54,1180.14,44.37,8.685827272085303,28.517,77.272,N/A,N/A,N/A,N/A,N/A,N/A,N/A,N/A,N/A,N/A,N/A,N/A,N/A,N/A,N/A
2025,1759435075.872925,1610,2,1835.42,874.18,9.53,4.8019207683073235,28.434,77.188,N/A,N/A,N/A,N/A,N/A,N/A,N/A,N/A,N/A,N/A,N/A,N/A,N/A,N/A,N/A
2025,1759435076.911089,1611,0,2671.61,1164.92,13.78,8.685827272085303,28.438,77.25,N/A,N/A,N/A,N/A,N/A,N/A,N/A,N/A,N/A,N/A,N/A,N/A,N/A,N/A,N/A
2025,1759435077.874751,1612,4,2638.64,1039.36,39.39,10.239389873596497,28.508,77.128,N/A,N/A,N/A,N/A,N/A,N/A,N/A,N/A,N/A,N/A,N/A,N/A,N/A,N/A,N/A
2025,1759435078.918659,1613,2,2543.64,912.43,9.52,5.437469105289174,28.435,77.21,N/A,N/A,N/A,N/A,N/A,N/A,N/A,N/A,N/A,N/A,N/A,N/A,N/A,N/A,N/A
2025,1759435079.877014,1614,2,721.67,1045.85,44.2,10.168773391709623,28.582,77.263,N/A,N/A,N/A,N/A,N/A,N/A,N/A,N/A,N/A,N/A,N/A,N/A,N/A,N/A,N/A
2025,1759435080.92105,1615,4,2571.17,1055.55,46.96,9.674458018501518,28.493,77.182,N/A,N/A,N/A,N/A,N/A,N/A,N/A,N/A,N/A,N/A,N/A,N/A,N/A,N/A,N/A
2025,1759435081.879096,1616,0,1555.93,819.32,-2.93,3.530824094343619,28.404,77.177,N/A,N/A,N/A,N/A,N/A,N/A,N/A,N/A,N/A,N/A,N/A,N/A,N/A,N/A,N/A
2025,1759435082.929335,1617,0,2838.99,845.17,23.35,7.202881152460984,28.529,77.23,N/A,N/A,N/A,N/A,N/A,N/A,N/A,N/A,N/A,N/A,N/A,N/A,N/A,N/A,N/A
2025,1759435083.880985,1618,1,210.92,986.24,-4.29,5.296236141515429,28.425,77.249,N/A,N/A,N/A,N/A,N/A,N/A,N/A,N/A,N/A,N/A,N/A,N/A,N/A,N/A,N/A
2025,1759435084.924034,1619,1,1645.0,1116.96,34.96,11.58110302944707,28.429,77.215,N/A,N/A,N/A,N/A,N/A,N/A,N/A,N/A,N/A,N/A,N/A,N/A,N/A,N/A,N/A
2025,1759435085.883019,1620,0,226.73,839.37,33.77,6.920415224913494,28.447,77.206,N/A,N/A,N/A,N/A,N/A,N/A,N/A,N/A,N/A,N/A,N/A,N/A,N/A,N/A,N/A
2025,1759435086.92802,1621,2,394.57,951.78,15.55,11.58110302944707,28.482,77.289,N/A,N/A,N/A,N/A,N/A,N/A,N/A,N/A,N/A,N/A,N/A,N/A,N/A,N/A,N/A
2025,1759435087.8848472,1622,2,2768.81,1134.95,-8.59,9.815690982275264,28.447,77.256,N/A,N/A,N/A,N/A,N/A,N/A,N/A,N/A,N/A,N/A,N/A,N/A,N/A,N/A,N/A
2025,1759435088.944455,1623,2,2741.15,1099.42,35.67,11.439870065673327,28.532,77.236,N/A,N/A,N/A,N/A,N/A,N/A,N/A,N/A,N/A,N/A,N/A,N/A,N/A,N/A,N/A
2025,1759435089.886752,1624,4,929.27,1169.67,-2.74,4.236988913212344,28.567,77.25,N/A,N/A,N/A,N/A,N/A,N/A,N/A,N/A,N/A,N/A,N/A,N/A,N/A,N/A,N/A
2025,1759435090.9167,1625,4,1389.01,1077.05,-0.86,6.920415224913494,28.522,77.287,N/A,N/A,N/A,N/A,N/A,N/A,N/A,N/A,N/A,N/A,N/A,N/A,N/A,N/A,N/A
2025,1759435091.9443252,1626,0,2984.41,839.49,-5.39,7.414730598121599,28.462,77.164,N/A,N/A,N/A,N/A,N/A,N/A,N/A,N/A,N/A,N/A,N/A,N/A,N/A,N/A,N/A
2025,1759435092.890068,1627,2,561.11,833.04,27.73,5.790551514723535,28.49,77.177,N/A,N/A,N/A,N/A,N/A,N/A,N/A,N/A,N/A,N/A,N/A,N/A,N/A,N/A,N/A
2025,1759435093.929593,1628,1,452.52,845.55,22.57,5.437469105289174,28.555,77.21,N/A,N/A,N/A,N/A,N/A,N/A,N/A,N/A,N/A,N/A,N/A,N/A,N/A,N/A,N/A
2025,1759435094.891836,1629,0,508.85,1087.07,-10.18,10.239389873596497,28.404,77.17,N/A,N/A,N/A,N/A,N/A,N/A,N/A,N/A,N/A,N/A,N/A,N/A,N/A,N/A,N/A
2025,1759435095.9254541,1630,2,1569.68,882.58,16.89,8.473977826424688,28.475,77.209,N/A,N/A,N/A,N/A,N/A,N/A,N/A,N/A,N/A,N/A,N/A,N/A,N/A,N/A,N/A
2025,1759435096.958656,1631,1,2214.15,996.3,39.52,5.719935032836664,28.588,77.262,N/A,N/A,N/A,N/A,N/A,N/A,N/A,N/A,N/A,N/A,N/A,N/A,N/A,N/A,N/A
2025,1759435097.895263,1632,1,1530.07,936.53,34.66,6.355483369818514,28.543,77.176,N/A,N/A,N/A,N/A,N/A,N/A,N/A,N/A,N/A,N/A,N/A,N/A,N/A,N/A,N/A
2025,1759435098.9260428,1633,3,67.02,926.53,-12.91,6.426099851705388,28.451,77.271,N/A,N/A,N/A,N/A,N/A,N/A,N/A,N/A,N/A,N/A,N/A,N/A,N/A,N/A,N/A
2025,1759435099.896692,1634,0,410.6,940.3,32.97,9.391992090954028,28.597,77.216,N/A,N/A,N/A,N/A,N/A,N/A,N/A,N/A,N/A,N/A,N/A,N/A,N/A,N/A,N/A
2025,1759435100.93247,1635,4,2974.02,1060.41,-4.18,11.086787656238966,28.572,77.278,N/A,N/A,N/A,N/A,N/A,N/A,N/A,N/A,N/A,N/A,N/A,N/A,N/A,N/A,N/A
2025,1759435101.898651,1636,2,1325.64,919.95,-5.74,8.615210790198432,28.586,77.121,N/A,N/A,N/A,N/A,N/A,N/A,N/A,N/A,N/A,N/A,N/A,N/A,N/A,N/A,N/A
2025,1759435102.931833,1637,1,124.92,1143.5,6.13,9.74507450038839,28.531,77.19,N/A,N/A,N/A,N/A,N/A,N/A,N/A,N/A,N/A,N/A,N/A,N/A,N/A,N/A,N/A
2025,1759435103.901075,1638,4,2283.53,1175.06,49.56,11.157404138125838,28.486,77.21,N/A,N/A,N/A,N/A,N/A,N/A,N/A,N/A,N/A,N/A,N/A,N/A,N/A,N/A,N/A
2025,1759435104.94495,1639,0,2323.04,863.08,22.6,4.590071322646705,28.435,77.101,N/A,N/A,N/A,N/A,N/A,N/A,N/A,N/A,N/A,N/A,N/A,N/A,N/A,N/A,N/A
2025,1759435105.902791,1640,1,1212.7,971.48,37.49,8.332744862650943,28.517,77.12,N/A,N/A,N/A,N/A,N/A,N/A,N/A,N/A,N/A,N/A,N/A,N/A,N/A,N/A,N/A
2025,1759435106.9429471,1641,2,360.19,956.77,23.87,4.16637243132547,28.497,77.227,N/A,N/A,N/A,N/A,N/A,N/A,N/A,N/A,N/A,N/A,N/A,N/A,N/A,N/A,N/A
2025,1759435107.970685,1642,0,1845.54,1168.19,4.87,4.872537250194195,28.418,77.114,N/A,N/A,N/A,N/A,N/A,N/A,N/A,N/A,N/A,N/A,N/A,N/A,N/A,N/A,N/A
2025,1759435108.9146612,1643,0,2201.59,816.97,24.0,4.590071322646705,28.516,77.129,N/A,N/A,N/A,N/A,N/A,N/A,N/A,N/A,N/A,N/A,N/A,N/A,N/A,N/A,N/A
2025,1759435109.963254,1644,3,2322.41,1023.53,2.77,6.426099851705388,28.495,77.116,N/A,N/A,N/A,N/A,N/A,N/A,N/A,N/A,N/A,N/A,N/A,N/A,N/A,N/A,N/A
2025,1759435110.907713,1645,4,2324.2,1052.44,18.49,5.64931855094979,28.502,77.233,N/A,N/A,N/A,N/A,N/A,N/A,N/A,N/A,N/A,N/A,N/A,N/A,N/A,N/A,N/A
2025,1759435111.944386,1646,1,503.17,861.99,10.47,9.815690982275264,28.407,77.279,N/A,N/A,N/A,N/A,N/A,N/A,N/A,N/A,N/A,N/A,N/A,N/A,N/A,N/A,N/A
2025,1759435112.9096599,1647,2,2740.32,867.07,42.6,7.202881152460984,28.404,77.17,N/A,N/A,N/A,N/A,N/A,N/A,N/A,N/A,N/A,N/A,N/A,N/A,N/A,N/A,N/A
2025,1759435113.9536262,1648,2,992.4,1101.55,6.99,10.451239319257112,28.424,77.211,N/A,N/A,N/A,N/A,N/A,N/A,N/A,N/A,N/A,N/A,N/A,N/A,N/A,N/A,N/A
2025,1759435114.9116402,1649,1,528.02,978.31,-11.84,9.038909681519664,28.501,77.283,N/A,N/A,N/A,N/A,N/A,N/A,N/A,N/A,N/A,N/A,N/A,N/A,N/A,N/A,N/A
2025,1759435115.9584372,1650,4,2745.91,831.42,-5.41,11.29863710189958,28.531,77.295,N/A,N/A,N/A,N/A,N/A,N/A,N/A,N/A,N/A,N/A,N/A,N/A,N/A,N/A,N/A
2025,1759435116.913735,1651,4,1785.94,1060.83,-1.49,7.414730598121599,28.578,77.269,N/A,N/A,N/A,N/A,N/A,N/A,N/A,N/A,N/A,N/A,N/A,N/A,N/A,N/A,N/A
2025,1759435117.949596,1652,0,740.72,1077.48,29.18,4.519454840759835,28.541,77.18,N/A,N/A,N/A,N/A,N/A,N/A,N/A,N/A,N/A,N/A,N/A,N/A,N/A,N/A,N/A
2025,1759435119.946749,1654,4,2793.8,992.37,-14.75,9.391992090954028,28.552,77.26,N/A,N/A,N/A,N/A,N/A,N/A,N/A,N/A,N/A,N/A,N/A,N/A,N/A,N/A,N/A
2025,1759435120.917878,1655,2,2674.6,1072.53,46.15,10.66308876491773,28.508,77.124,N/A,N/A,N/A,N/A,N/A,N/A,N/A,N/A,N/A,N/A,N/A,N/A,N/A,N/A,N/A
2025,1759435121.970767,1656,2,1531.59,1032.83,-15.76,6.496716333592259,28.594,77.261,N/A,N/A,N/A,N/A,N/A,N/A,N/A,N/A,N/A,N/A,N/A,N/A,N/A,N/A,N/A
2025,1759435122.919622,1657,1,1751.62,1002.28,14.31,11.369253583786458,28.546,77.274,N/A,N/A,N/A,N/A,N/A,N/A,N/A,N/A,N/A,N/A,N/A,N/A,N/A,N/A,N/A
2025,1759435123.963478,1658,2,2369.12,801.1,49.22,11.228020620012707,28.41,77.268,N/A,N/A,N/A,N/A,N/A,N/A,N/A,N/A,N/A,N/A,N/A,N/A,N/A,N/A,N/A
2025,1759435124.921539,1659,3,863.11,1121.16,46.77,4.660687804533579,28.472,77.195,N/A,N/A,N/A,N/A,N/A,N/A,N/A,N/A,N/A,N/A,N/A,N/A,N/A,N/A,N/A
2025,1759435125.9671512,1660,0,2989.37,894.78,-12.41,9.95692394604901,28.447,77.156,N/A,N/A,N/A,N/A,N/A,N/A,N/A,N/A,N/A,N/A,N/A,N/A,N/A,N/A,N/A
2025,1759435126.923717,1661,0,651.44,1127.23,7.94,8.403361344537814,28.498,77.289,N/A,N/A,N/A,N/A,N/A,N/A,N/A,N/A,N/A,N/A,N/A,N/A,N/A,N/A,N/A
2025,1759435127.961283,1662,2,519.98,980.01,4.31,8.191511898877197,28.579,77.128,N/A,N/A,N/A,N/A,N/A,N/A,N/A,N/A,N/A,N/A,N/A,N/A,N/A,N/A,N/A
2025,1759435128.92557,1663,1,2540.41,933.88,-4.89,8.968293199632793,28.428,77.139,N/A,N/A,N/A,N/A,N/A,N/A,N/A,N/A,N/A,N/A,N/A,N/A,N/A,N/A,N/A
2025,1759435129.958503,1664,3,825.39,1034.76,13.19,4.660687804533579,28.588,77.284,N/A,N/A,N/A,N/A,N/A,N/A,N/A,N/A,N/A,N/A,N/A,N/A,N/A,N/A,N/A
2025,1759435130.927545,1665,4,1555.87,990.53,34.7,4.378221876986089,28.45,77.294,N/A,N/A,N/A,N/A,N/A,N/A,N/A,N/A,N/A,N/A,N/A,N/A,N/A,N/A,N/A
2025,1759435131.968107,1666,2,187.73,1058.21,-17.04,11.863568956994559,28.454,77.104,N/A,N/A,N/A,N/A,N/A,N/A,N/A,N/A,N/A,N/A,N/A,N/A,N/A,N/A,N/A
2025,1759435132.929569,1667,3,923.52,922.45,-4.49,6.5673328154791335,28.403,77.299,N/A,N/A,N/A,N/A,N/A,N/A,N/A,N/A,N/A,N/A,N/A,N/A,N/A,N/A,N/A
2025,1759435133.969632,1668,0,2605.29,1154.4,23.85,4.307605395099214,28.566,77.15,N/A,N/A,N/A,N/A,N/A,N/A,N/A,N/A,N/A,N/A,N/A,N/A,N/A,N/A,N/A
2025,1759435134.931464,1669,3,355.85,1112.27,7.59,11.58110302944707,28.531,77.126,N/A,N/A,N/A,N/A,N/A,N/A,N/A,N/A,N/A,N/A,N/A,N/A,N/A,N/A,N/A
2025,1759435135.9719539,1670,2,2080.3,819.59,1.56,7.202881152460984,28.598,77.197,N/A,N/A,N/A,N/A,N/A,N/A,N/A,N/A,N/A,N/A,N/A,N/A,N/A,N/A,N/A
2025,1759435136.933526,1671,0,1825.44,958.26,1.71,11.016171174352088,28.425,77.188,N/A,N/A,N/A,N/A,N/A,N/A,N/A,N/A,N/A,N/A,N/A,N/A,N/A,N/A,N/A
2025,1759435137.992983,1672,1,1357.04,1119.06,13.57,4.660687804533579,28.554,77.165,N/A,N/A,N/A,N/A,N/A,N/A,N/A,N/A,N/A,N/A,N/A,N/A,N/A,N/A,N/A
2025,1759435141.9395149,1676,1,1328.27,1143.87,17.26,4.73130428642045,28.483,77.133,N/A,N/A,N/A,N/A,N/A,N/A,N/A,N/A,N/A,N/A,N/A,N/A,N/A,N/A,N/A
2025,1759435142.984967,1677,3,1398.35,913.41,14.7,3.742673540004235,28.49,77.118,N/A,N/A,N/A,N/A,N/A,N/A,N/A,N/A,N/A,N/A,N/A,N/A,N/A,N/A,N/A
2025,1759435143.940497,1678,3,1960.73,1092.3,-14.38,5.225619659628558,28.414,77.106,N/A,N/A,N/A,N/A,N/A,N/A,N/A,N/A,N/A,N/A,N/A,N/A,N/A,N/A,N/A
2025,1759435144.974219,1679,1,2690.14,965.85,16.19,5.719935032836664,28.482,77.245,N/A,N/A,N/A,N/A,N/A,N/A,N/A,N/A,N/A,N/A,N/A,N/A,N/A,N/A,N/A
2025,1759435145.942601,1680,4,869.81,800.77,16.99,11.58110302944707,28.467,77.252,N/A,N/A,N/A,N/A,N/A,N/A,N/A,N/A,N/A,N/A,N/A,N/A,N/A,N/A,N/A
2025,1759435146.992693,1681,3,2118.87,879.43,13.68,8.120895416990324,28.551,77.129,N/A,N/A,N/A,N/A,N/A,N/A,N/A,N/A,N/A,N/A,N/A,N/A,N/A,N/A,N/A
2025,1759435147.944781,1682,4,2614.63,1091.87,48.62,6.355483369818514,28.486,77.282,N/A,N/A,N/A,N/A,N/A,N/A,N/A,N/A,N/A,N/A,N/A,N/A,N/A,N/A,N/A
2025,1759435148.9854982,1683,1,1110.12,927.88,-16.25,9.4626085728409,28.593,77.13,N/A,N/A,N/A,N/A,N/A,N/A,N/A,N/A,N/A,N/A,N/A,N/A,N/A,N/A,N/A
2025,1759435149.946493,1684,0,1711.5,1027.06,37.14,7.273497634347855,28.593,77.115,N/A,N/A,N/A,N/A,N/A,N/A,N/A,N/A,N/A,N/A,N/A,N/A,N/A,N/A,N/A
2025,1759435150.9917572,1685,3,2918.12,1105.53,22.03,5.578702069062919,28.519,77.115,N/A,N/A,N/A,N/A,N/A,N/A,N/A,N/A,N/A,N/A,N/A,N/A,N/A,N/A,N/A
2025,1759435151.948401,1686,4,2315.32,1057.86,22.03,7.344114116234729,28.446,77.212,N/A,N/A,N/A,N/A,N/A,N/A,N/A,N/A,N/A,N/A,N/A,N/A,N/A,N/A,N/A
2025,1759435152.995599,1687,0,1894.26,818.21,10.45,7.273497634347855,28.594,77.184,N/A,N/A,N/A,N/A,N/A,N/A,N/A,N/A,N/A,N/A,N/A,N/A,N/A,N/A,N/A
2025,1759435153.950482,1688,1,1310.8,1004.02,-16.28,10.945554692465219,28.599,77.257,N/A,N/A,N/A,N/A,N/A,N/A,N/A,N/A,N/A,N/A,N/A,N/A,N/A,N/A,N/A
2025,1759435154.992005,1689,3,1082.87,904.71,1.82,5.64931855094979,28.443,77.141,N/A,N/A,N/A,N/A,N/A,N/A,N/A,N/A,N/A,N/A,N/A,N/A,N/A,N/A,N/A
2025,1759435155.952609,1690,1,1826.4,1022.61,10.3,7.485347080008474,28.403,77.24,N/A,N/A,N/A,N/A,N/A,N/A,N/A,N/A,N/A,N/A,N/A,N/A,N/A,N/A,N/A
2025,1759435156.998636,1691,4,1541.27,1170.13,10.74,4.8019207683073235,28.531,77.179,N/A,N/A,N/A,N/A,N/A,N/A,N/A,N/A,N/A,N/A,N/A,N/A,N/A,N/A,N/A
2025,1759435157.954546,1692,3,864.07,1104.75,48.81,8.54459430831156,28.463,77.13,N/A,N/A,N/A,N/A,N/A,N/A,N/A,N/A,N/A,N/A,N/A,N/A,N/A,N/A,N/A
2025,1759435159.002368,1693,4,2102.6,1056.46,13.37,11.934185438881435,28.554,77.119,N/A,N/A,N/A,N/A,N/A,N/A,N/A,N/A,N/A,N/A,N/A,N/A,N/A,N/A,N/A
2025,1759435159.9562602,1694,2,892.45,939.02,20.02,11.29863710189958,28.423,77.122,N/A,N/A,N/A,N/A,N/A,N/A,N/A,N/A,N/A,N/A,N/A,N/A,N/A,N/A,N/A
2025,1759435160.9935539,1695,2,1605.98,1164.06,15.82,3.813290021891109,28.435,77.266,N/A,N/A,N/A,N/A,N/A,N/A,N/A,N/A,N/A,N/A,N/A,N/A,N/A,N/A,N/A
2025,1759435161.9583292,1696,1,1932.61,1032.29,3.66,10.66308876491773,28.497,77.28,N/A,N/A,N/A,N/A,N/A,N/A,N/A,N/A,N/A,N/A,N/A,N/A,N/A,N/A,N/A
2025,1759435163.008183,1697,0,933.88,921.86,20.73,8.26212838076407,28.578,77.121,N/A,N/A,N/A,N/A,N/A,N/A,N/A,N/A,N/A,N/A,N/A,N/A,N/A,N/A,N/A
2025,1759435164.975345,1699,3,2290.85,958.36,48.97,5.155003177741683,28.459,77.202,N/A,N/A,N/A,N/A,N/A,N/A,N/A,N/A,N/A,N/A,N/A,N/A,N/A,N/A,N/A
2025,1759435166.021635,1700,2,2133.33,870.92,2.0,6.991031706800368,28.568,77.253,N/A,N/A,N/A,N/A,N/A,N/A,N/A,N/A,N/A,N/A,N/A,N/A,N/A,N/A,N/A
2025,1759435166.963231,1701,0,249.27,942.83,38.92,4.236988913212344,28.466,77.215,N/A,N/A,N/A,N/A,N/A,N/A,N/A,N/A,N/A,N/A,N/A,N/A,N/A,N/A,N/A
2025,1759435168.0001678,1702,2,2376.96,1026.86,-6.53,5.719935032836664,28.409,77.165,N/A,N/A,N/A,N/A,N/A,N/A,N/A,N/A,N/A,N/A,N/A,N/A,N/A,N/A,N/A
2025,1759435169.022393,1703,1,253.52,902.56,37.64,10.66308876491773,28.484,77.131,N/A,N/A,N/A,N/A,N/A,N/A,N/A,N/A,N/A,N/A,N/A,N/A,N/A,N/A,N/A
2025,1759435169.966317,1704,2,556.97,1018.24,41.61,3.813290021891109,28.425,77.116,N/A,N/A,N/A,N/A,N/A,N/A,N/A,N/A,N/A,N/A,N/A,N/A,N/A,N/A,N/A
2025,1759435171.008606,1705,2,2705.49,894.25,-10.16,4.307605395099214,28.554,77.196,N/A,N/A,N/A,N/A,N/A,N/A,N/A,N/A,N/A,N/A,N/A,N/A,N/A,N/A,N/A
2025,1759435171.9683042,1706,2,2913.8,916.71,17.92,9.74507450038839,28.46,77.118,N/A,N/A,N/A,N/A,N/A,N/A,N/A,N/A,N/A,N/A,N/A,N/A,N/A,N/A,N/A
2025,1759435173.014859,1707,2,73.56,941.25,18.34,6.5673328154791335,28.511,77.204,N/A,N/A,N/A,N/A,N/A,N/A,N/A,N/A,N/A,N/A,N/A,N/A,N/A,N/A,N/A
2025,1759435173.970339,1708,2,105.71,995.6,38.3,11.29863710189958,28.521,77.196,N/A,N/A,N/A,N/A,N/A,N/A,N/A,N/A,N/A,N/A,N/A,N/A,N/A,N/A,N/A
2025,1759435175.013576,1709,0,1462.38,1193.27,10.42,8.332744862650943,28.58,77.219,N/A,N/A,N/A,N/A,N/A,N/A,N/A,N/A,N/A,N/A,N/A,N/A,N/A,N/A,N/A
2025,1759435175.972249,1710,0,2041.52,889.08,-19.49,9.321375609067154,28.477,77.155,N/A,N/A,N/A,N/A,N/A,N/A,N/A,N/A,N/A,N/A,N/A,N/A,N/A,N/A,N/A
2025,1759435177.013298,1711,4,2584.61,1041.63,-10.04,11.934185438881435,28.598,77.266,N/A,N/A,N/A,N/A,N/A,N/A,N/A,N/A,N/A,N/A,N/A,N/A,N/A,N/A,N/A
2025,1759435177.9741309,1712,0,2459.81,990.99,-10.62,4.448838358872959,28.441,77.254,N/A,N/A,N/A,N/A,N/A,N/A,N/A,N/A,N/A,N/A,N/A,N/A,N/A,N/A,N/A
2025,1759435180.9887621,1715,0,2611.55,917.95,10.16,10.239389873596497,28.425,77.227,N/A,N/A,N/A,N/A,N/A,N/A,N/A,N/A,N/A,N/A,N/A,N/A,N/A,N/A,N/A
2025,1759435182.02998,1716,1,1946.93,865.17,21.32,6.355483369818514,28.538,77.24,N/A,N/A,N/A,N/A,N/A,N/A,N/A,N/A,N/A,N/A,N/A,N/A,N/A,N/A,N/A
2025,1759435182.979327,1717,3,1221.0,1122.31,0.17,3.813290021891109,28.486,77.268,N/A,N/A,N/A,N/A,N/A,N/A,N/A,N/A,N/A,N/A,N/A,N/A,N/A,N/A,N/A
2025,1759435184.0221179,1718,4,2894.39,1155.47,-19.39,9.250759127180283,28.561,77.191,N/A,N/A,N/A,N/A,N/A,N/A,N/A,N/A,N/A,N/A,N/A,N/A,N/A,N/A,N/A
2025,1759435184.981129,1719,3,1328.56,1073.64,43.93,5.508085587176044,28.527,77.291,N/A,N/A,N/A,N/A,N/A,N/A,N/A,N/A,N/A,N/A,N/A,N/A,N/A,N/A,N/A
2025,1759435186.983284,1721,2,1822.66,1070.53,-9.48,7.061648188687238,28.449,77.15,N/A,N/A,N/A,N/A,N/A,N/A,N/A,N/A,N/A,N/A,N/A,N/A,N/A,N/A,N/A
2025,1759435188.011241,1722,4,238.08,879.82,1.67,10.310006355483367,28.589,77.158,N/A,N/A,N/A,N/A,N/A,N/A,N/A,N/A,N/A,N/A,N/A,N/A,N/A,N/A,N/A
2025,1759435189.042273,1723,4,779.08,807.86,16.13,6.7085657792528774,28.469,77.195,N/A,N/A,N/A,N/A,N/A,N/A,N/A,N/A,N/A,N/A,N/A,N/A,N/A,N/A,N/A
2025,1759435189.986182,1724,1,2634.17,963.89,8.42,10.168773391709623,28.561,77.111,N/A,N/A,N/A,N/A,N/A,N/A,N/A,N/A,N/A,N/A,N/A,N/A,N/A,N/A,N/A
2025,1759435191.026976,1725,2,1288.07,986.12,-17.89,9.4626085728409,28.528,77.286,N/A,N/A,N/A,N/A,N/A,N/A,N/A,N/A,N/A,N/A,N/A,N/A,N/A,N/A,N/A
2025,1759435191.988286,1726,1,1233.22,977.09,37.97,8.827060235859047,28.592,77.255,N/A,N/A,N/A,N/A,N/A,N/A,N/A,N/A,N/A,N/A,N/A,N/A,N/A,N/A,N/A
2025,1759435193.036866,0,2,2873.64,851.51,-15.0,8.756443753972178,28.414,77.188,N/A,N/A,N/A,N/A,N/A,N/A,N/A,N/A,N/A,N/A,N/A,N/A,N/A,N/A,N/A
2025,1759435193.9905322,1728,4,1197.64,936.92,15.04,8.968293199632793,28.45,77.171,N/A,N/A,N/A,N/A,N/A,N/A,N/A,N/A,N/A,N/A,N/A,N/A,N/A,N/A,N/A
2025,1759435196.0609238,1730,1,1637.27,963.05,32.98,10.874938210578348,28.433,77.23,N/A,N/A,N/A,N/A,N/A,N/A,N/A,N/A,N/A,N/A,N/A,N/A,N/A,N/A,N/A
2025,1759435197.007317,0,1,2344.38,1136.65,-10.16,5.9317844784972795,28.489,77.227,N/A,N/A,N/A,N/A,N/A,N/A,N/A,N/A,N/A,N/A,N/A,N/A,N/A,N/A,N/A
2025,1759435198.042897,1732,4,805.3,994.86,-8.89,5.9317844784972795,28.599,77.284,N/A,N/A,N/A,N/A,N/A,N/A,N/A,N/A,N/A,N/A,N/A,N/A,N/A,N/A,N/A
2025,1759435198.99516,1733,2,2979.49,1048.04,23.51,9.533225054727772,28.458,77.195,N/A,N/A,N/A,N/A,N/A,N/A,N/A,N/A,N/A,N/A,N/A,N/A,N/A,N/A,N/A
2025,1759435200.032363,1734,4,1457.01,1013.25,-12.66,8.473977826424688,28.414,77.123,N/A,N/A,N/A,N/A,N/A,N/A,N/A,N/A,N/A,N/A,N/A,N/A,N/A,N/A,N/A
2025,1759435200.9971688,1735,4,1127.94,1089.01,-19.19,8.685827272085303,28.41,77.137,N/A,N/A,N/A,N/A,N/A,N/A,N/A,N/A,N/A,N/A,N/A,N/A,N/A,N/A,N/A
2025,1759435202.0396821,1736,4,2687.88,894.8,48.82,4.590071322646705,28.536,77.196,N/A,N/A,N/A,N/A,N/A,N/A,N/A,N/A,N/A,N/A,N/A,N/A,N/A,N/A,N/A
2025,1759435202.999242,1737,1,2767.43,850.9,-14.1,6.496716333592259,28.533,77.119,N/A,N/A,N/A,N/A,N/A,N/A,N/A,N/A,N/A,N/A,N/A,N/A,N/A,N/A,N/A
2025,1759435205.061997,1739,4,713.37,922.52,0.71,9.4626085728409,28.462,77.246,N/A,N/A,N/A,N/A,N/A,N/A,N/A,N/A,N/A,N/A,N/A,N/A,N/A,N/A,N/A
2025,1759435207.042439,0,3,2588.67,1193.57,-1.86,6.920415224913494,28.568,77.119,N/A,N/A,N/A,N/A,N/A,N/A,N/A,N/A,N/A,N/A,N/A,N/A,N/A,N/A,N/A
2025,1759435209.043091,1743,2,922.6,870.37,35.29,12.004801920768307,28.54,77.287,N/A,N/A,N/A,N/A,N/A,N/A,N/A,N/A,N/A,N/A,N/A,N/A,N/A,N/A,N/A
2025,1759435211.044072,1745,3,104.55,808.06,6.55,10.239389873596497,28.517,77.188,N/A,N/A,N/A,N/A,N/A,N/A,N/A,N/A,N/A,N/A,N/A,N/A,N/A,N/A,N/A
2025,1759435212.008218,1746,3,1817.23,1122.19,28.58,11.863568956994559,28.436,77.212,N/A,N/A,N/A,N/A,N/A,N/A,N/A,N/A,N/A,N/A,N/A,N/A,N/A,N/A,N/A
2025,1759435213.065011,1747,4,1140.24,801.92,19.21,6.426099851705388,28.48,77.208,N/A,N/A,N/A,N/A,N/A,N/A,N/A,N/A,N/A,N/A,N/A,N/A,N/A,N/A,N/A
2025,1759435214.010292,1748,3,355.41,1044.99,33.83,5.861167996610408,28.583,77.163,N/A,N/A,N/A,N/A,N/A,N/A,N/A,N/A,N/A,N/A,N/A,N/A,N/A,N/A,N/A
2025,1759435215.049342,1749,4,1254.94,850.38,-4.09,10.451239319257112,28.409,77.284,N/A,N/A,N/A,N/A,N/A,N/A,N/A,N/A,N/A,N/A,N/A,N/A,N/A,N/A,N/A
2025,1759435216.012185,1750,2,244.42,814.3,-2.9,8.332744862650943,28.446,77.233,N/A,N/A,N/A,N/A,N/A,N/A,N/A,N/A,N/A,N/A,N/A,N/A,N/A,N/A,N/A
2025,1759435217.056097,1751,0,1519.18,842.4,29.66,10.239389873596497,28.467,77.279,N/A,N/A,N/A,N/A,N/A,N/A,N/A,N/A,N/A,N/A,N/A,N/A,N/A,N/A,N/A
2025,1759435218.014206,1752,0,2246.12,857.15,3.41,3.530824094343619,28.526,77.285,N/A,N/A,N/A,N/A,N/A,N/A,N/A,N/A,N/A,N/A,N/A,N/A,N/A,N/A,N/A
2025,1759435219.050029,1753,0,1298.3,941.94,0.03,9.4626085728409,28.555,77.138,N/A,N/A,N/A,N/A,N/A,N/A,N/A,N/A,N/A,N/A,N/A,N/A,N/A,N/A,N/A
2025,1759435220.085618,1754,1,1319.96,1147.07,-12.11,11.863568956994559,28.51,77.143,N/A,N/A,N/A,N/A,N/A,N/A,N/A,N/A,N/A,N/A,N/A,N/A,N/A,N/A,N/A
2025,1759435221.022326,1755,1,2072.35,1149.73,27.98,4.660687804533579,28.593,77.249,N/A,N/A,N/A,N/A,N/A,N/A,N/A,N/A,N/A,N/A,N/A,N/A,N/A,N/A,N/A
2025,1759435222.060828,1756,1,2441.17,884.14,39.28,7.273497634347855,28.561,77.169,N/A,N/A,N/A,N/A,N/A,N/A,N/A,N/A,N/A,N/A,N/A,N/A,N/A,N/A,N/A
2025,1759435223.0190709,1757,0,453.22,812.49,-12.66,6.284866887931644,28.557,77.113,N/A,N/A,N/A,N/A,N/A,N/A,N/A,N/A,N/A,N/A,N/A,N/A,N/A,N/A,N/A
2025,1759435224.068016,1758,3,2125.97,997.52,49.71,4.448838358872959,28.53,77.197,N/A,N/A,N/A,N/A,N/A,N/A,N/A,N/A,N/A,N/A,N/A,N/A,N/A,N/A,N/A
2025,1759435225.0209548,1759,1,87.15,1169.46,44.62,5.437469105289174,28.571,77.236,N/A,N/A,N/A,N/A,N/A,N/A,N/A,N/A,N/A,N/A,N/A,N/A,N/A,N/A,N/A
2025,1759435226.060409,1760,1,342.23,838.02,22.94,11.510486547560198,28.419,77.234,N/A,N/A,N/A,N/A,N/A,N/A,N/A,N/A,N/A,N/A,N/A,N/A,N/A,N/A,N/A
